product,variant,platform,source_file,use_for_color_reference,reason_code,reason,official_delta_e,official_reference,duplicate_of
ysl-1936,unknown,小红书,Data-XHS/YSL-1936/YSL-1936-P3/YSL-1936-P3-1.jpg,True,accepted,自动唇部选区通过，颜色在标准图允许范围内,8.39,official-e16f3a8ff5ed1874,
ysl-1936,unknown,小红书,Data-XHS/YSL-1936/YSL-1936-P3/YSL-1936-P3-2.jpg,True,accepted,自动唇部选区通过，颜色在标准图允许范围内,7.16,official-e16f3a8ff5ed1874,
ysl-1936,unknown,小红书,Data-XHS/YSL-1936/YSL-1936-P4/YSL-1936-P4-1.jpg,True,accepted,自动唇部选区通过，颜色在标准图允许范围内,11.9,official-e16f3a8ff5ed1874,
ysl-1936,unknown,小红书,Data-XHS/YSL-1936/YSL-1936-P4/YSL-1936-P4-2.jpg,True,accepted,自动唇部选区通过，颜色在标准图允许范围内,5.52,official-e16f3a8ff5ed1874,
ysl-1936,unknown,小红书,Data-XHS/YSL-1936/YSL-1936-P6/YSL-1936-P6-1.jpg,True,accepted,自动唇部选区通过，颜色在标准图允许范围内,5.78,official-e16f3a8ff5ed1874,
ysl-1936,unknown,小红书,Data-XHS/YSL-1936/YSL-1936-P6/YSL-1936-P6-2.jpg,True,accepted,自动唇部选区通过，颜色在标准图允许范围内,2.61,official-e16f3a8ff5ed1874,
ysl-1936,unknown,小红书,Data-XHS/YSL-1936/YSL-1936-P8/YSL-1936-P8.jpg,True,accepted,自动唇部选区通过，颜色在标准图允许范围内,7.66,official-e16f3a8ff5ed1874,
ysl-1936,unknown,小红书,Data-XHS/YSL-1936/YSL-1936-P9/YSL-1936-P9.jpg,True,accepted,自动唇部选区通过，颜色在标准图允许范围内,11.44,official-e16f3a8ff5ed1874,
ysl-610,unknown,小红书,Data-XHS/YSL-610/YSL-610-P1/YSL-610-P1-1.jpg,True,accepted,自动唇部选区通过，颜色在标准图允许范围内,11.6,official-f812be5e49dfdd3f,
ysl-610,unknown,小红书,Data-XHS/YSL-610/YSL-610-P1/YSL-610-P1-2.jpg,False,unreadable_image,原图格式损坏、无法解码或分析失败,,,
ysl-610,unknown,小红书,Data-XHS/YSL-610/YSL-610-P10/YSL-610-P10-1.jpg,True,accepted,自动唇部选区通过，颜色在标准图允许范围内,2.64,official-f812be5e49dfdd3f,
ysl-610,unknown,小红书,Data-XHS/YSL-610/YSL-610-P10/YSL-610-P10-2.jpg,False,unreadable_image,原图格式损坏、无法解码或分析失败,,,
ysl-610,unknown,小红书,Data-XHS/YSL-610/YSL-610-P10/YSL-610-P10-3.jpg,False,unreadable_image,原图格式损坏、无法解码或分析失败,,,
ysl-610,unknown,小红书,Data-XHS/YSL-610/YSL-610-P11/YSL-610-P11-1.jpg,True,accepted,自动唇部选区通过，颜色在标准图允许范围内,7.26,official-f812be5e49dfdd3f,
ysl-610,unknown,小红书,Data-XHS/YSL-610/YSL-610-P11/YSL-610-P11-2.jpg,False,unreadable_image,原图格式损坏、无法解码或分析失败,,,
ysl-610,unknown,小红书,Data-XHS/YSL-610/YSL-610-P15/YSL-610-P15.jpg,True,accepted,自动唇部选区通过，颜色在标准图允许范围内,7.08,official-f812be5e49dfdd3f,
ysl-610,unknown,小红书,Data-XHS/YSL-610/YSL-610-P3/YSL-610-P3.jpg,True,accepted,自动唇部选区通过，颜色在标准图允许范围内,10.01,official-f812be5e49dfdd3f,
ysl-610,unknown,小红书,Data-XHS/YSL-610/YSL-610-P4/YSL-610-P4.jpg,True,accepted,自动唇部选区通过，颜色在标准图允许范围内,2.67,official-f812be5e49dfdd3f,
ysl-610,unknown,小红书,Data-XHS/YSL-610/YSL-610-P6/YSL-610-P6.jpg,True,accepted,自动唇部选区通过，颜色在标准图允许范围内,7.96,official-f812be5e49dfdd3f,
ysl-610,unknown,小红书,Data-XHS/YSL-610/YSL-610-P8/YSL-610-P8-1.jpg,True,accepted,自动唇部选区通过，颜色在标准图允许范围内,2.11,official-f812be5e49dfdd3f,
ysl-610,unknown,小红书,Data-XHS/YSL-610/YSL-610-P8/YSL-610-P8-2.jpg,False,unreadable_image,原图格式损坏、无法解码或分析失败,,,
ysl-610,unknown,小红书,Data-XHS/YSL-610/YSL-610-P8/YSL-610-P8-3.jpg,False,unreadable_image,原图格式损坏、无法解码或分析失败,,,
ysl-610,unknown,小红书,Data-XHS/YSL-610/YSL-610-P8/YSL-610-P8-4.jpg,False,unreadable_image,原图格式损坏、无法解码或分析失败,,,
lancome-274,unknown,小红书,Data-XHS/lancome-274/lancome-274-P10/lancome-274-P10.jpg,True,accepted,自动唇部选区通过，颜色在标准图允许范围内,2.05,official-9b102d5a150f1d4e,
lancome-274,unknown,小红书,Data-XHS/lancome-274/lancome-274-P11/lancome-274-P11-1.jpg,True,accepted,自动唇部选区通过，颜色在标准图允许范围内,4.11,official-7571aa3b80b881d0,
lancome-274,unknown,小红书,Data-XHS/lancome-274/lancome-274-P11/lancome-274-P11-2.jpg,True,accepted,自动唇部选区通过，颜色在标准图允许范围内,3.92,official-0df248bfa5a52443,
lancome-274,unknown,小红书,Data-XHS/lancome-274/lancome-274-P12/lancome-274-P12-1.jpg,True,accepted,自动唇部选区通过，颜色在标准图允许范围内,9.74,official-7571aa3b80b881d0,
lancome-274,unknown,小红书,Data-XHS/lancome-274/lancome-274-P12/lancome-274-P12-2.jpg,True,accepted,自动唇部选区通过，颜色在标准图允许范围内,8.03,official-7571aa3b80b881d0,
lancome-274,unknown,小红书,Data-XHS/lancome-274/lancome-274-P3/lancome-274-P3-1.jpg,True,accepted,自动唇部选区通过，颜色在标准图允许范围内,10.75,official-7571aa3b80b881d0,
lancome-274,unknown,小红书,Data-XHS/lancome-274/lancome-274-P3/lancome-274-P3-2.jpg,False,unreadable_image,原图格式损坏、无法解码或分析失败,,,
lancome-274,unknown,小红书,Data-XHS/lancome-274/lancome-274-P5/lancome-274-P5-1.jpg,True,accepted,自动唇部选区通过，颜色在标准图允许范围内,8.04,official-7571aa3b80b881d0,
lancome-274,unknown,小红书,Data-XHS/lancome-274/lancome-274-P5/lancome-274-P5-2.jpg,True,accepted,自动唇部选区通过，颜色在标准图允许范围内,12.96,official-7571aa3b80b881d0,
lancome-274,unknown,小红书,Data-XHS/lancome-274/lancome-274-P5/lancome-274-P5-3.jpg,True,accepted,自动唇部选区通过，颜色在标准图允许范围内,5.99,official-7571aa3b80b881d0,
lancome-274,unknown,小红书,Data-XHS/lancome-274/lancome-274-P6/lancome-274-P6.jpg,True,accepted,自动唇部选区通过，颜色在标准图允许范围内,1.35,official-7571aa3b80b881d0,
lancome-274,unknown,小红书,Data-XHS/lancome-274/lancome-274-P7/lancome-274-P7-1.jpg,True,accepted,自动唇部选区通过，颜色在标准图允许范围内,2.25,official-9b102d5a150f1d4e,
lancome-274,unknown,小红书,Data-XHS/lancome-274/lancome-274-P7/lancome-274-P7-2.jpg,True,accepted,自动唇部选区通过，颜色在标准图允许范围内,0.94,official-9b102d5a150f1d4e,
lancome-274,unknown,小红书,Data-XHS/lancome-274/lancome-274-P7/lancome-274-P7-3.jpg,False,unreadable_image,原图格式损坏、无法解码或分析失败,,,
lancome-274,unknown,小红书,Data-XHS/lancome-274/lancome-274-P7/lancome-274-P7-4.jpg,False,unreadable_image,原图格式损坏、无法解码或分析失败,,,
lancome-274,unknown,小红书,Data-XHS/lancome-274/lancome-274-P8/lancome-274-P8-1.jpg,True,accepted,自动唇部选区通过，颜色在标准图允许范围内,2.88,official-9b102d5a150f1d4e,
lancome-274,unknown,小红书,Data-XHS/lancome-274/lancome-274-P8/lancome-274-P8-2.jpg,True,accepted,自动唇部选区通过，颜色在标准图允许范围内,5.53,official-9b102d5a150f1d4e,
lancome-274,unknown,小红书,Data-XHS/lancome-274/lancome-274-P9/lancome-274-P9.jpg,True,accepted,自动唇部选区通过，颜色在标准图允许范围内,2.26,official-7571aa3b80b881d0,
lancome-274,unknown,小红书,Data-XHS/lancome-274/lancome-274-p4/lancome-274-P4-2.jpg,True,accepted,自动唇部选区通过，颜色在标准图允许范围内,6.97,official-9b102d5a150f1d4e,
lancome-275,unknown,小红书,Data-XHS/lancome-275/lancome-275-P1/lancome-275-P1-1.jpg,True,accepted,自动唇部选区通过，颜色在标准图允许范围内,2.47,official-156ef352e06e060a,
lancome-275,unknown,小红书,Data-XHS/lancome-275/lancome-275-P1/lancome-275-P1-2.jpg,True,accepted,自动唇部选区通过，颜色在标准图允许范围内,0.27,official-156ef352e06e060a,
lancome-275,unknown,小红书,Data-XHS/lancome-275/lancome-275-P1/lancome-275-P1-3.jpg,True,accepted,自动唇部选区通过，颜色在标准图允许范围内,3.28,official-156ef352e06e060a,
lancome-275,unknown,小红书,Data-XHS/lancome-275/lancome-275-P1/lancome-275-P1-4.jpg,True,accepted,自动唇部选区通过，颜色在标准图允许范围内,9.14,official-156ef352e06e060a,
lancome-275,unknown,小红书,Data-XHS/lancome-275/lancome-275-P2/lancome-275-P2.jpg,True,accepted,自动唇部选区通过，颜色在标准图允许范围内,8.8,official-156ef352e06e060a,
lancome-275,unknown,小红书,Data-XHS/lancome-275/lancome-275-P3/lancome-275-P3-1.jpg,True,accepted,自动唇部选区通过，颜色在标准图允许范围内,12.37,official-156ef352e06e060a,
lancome-275,unknown,小红书,Data-XHS/lancome-275/lancome-275-P3/lancome-275-P3-2.jpg,True,accepted,自动唇部选区通过，颜色在标准图允许范围内,12.64,official-156ef352e06e060a,
lancome-275,unknown,小红书,Data-XHS/lancome-275/lancome-275-P3/lancome-275-P3-3.jpg,True,accepted,自动唇部选区通过，颜色在标准图允许范围内,4.59,official-156ef352e06e060a,
lancome-275,unknown,小红书,Data-XHS/lancome-275/lancome-275-P6/lancome-275-P6.jpg,True,accepted,自动唇部选区通过，颜色在标准图允许范围内,4.63,official-156ef352e06e060a,
lancome-275,unknown,小红书,Data-XHS/lancome-275/lancome-275-P7/lancome-275-P7.jpg,True,accepted,自动唇部选区通过，颜色在标准图允许范围内,6.54,official-156ef352e06e060a,
ysl-1936,unknown,淘宝,Data_clean_taobao/YSL_1936/YSL_1936_P1/1936_P1_1.jpg,True,accepted,自动唇部选区通过，颜色在标准图允许范围内,3.63,official-e16f3a8ff5ed1874,
ysl-1936,unknown,淘宝,Data_clean_taobao/YSL_1936/YSL_1936_P2/1936_P2_1.jpg,True,accepted,自动唇部选区通过，颜色在标准图允许范围内,10.44,official-e16f3a8ff5ed1874,
ysl-1936,unknown,淘宝,Data_clean_taobao/YSL_1936/YSL_1936_P2/1936_P2_2.jpg,True,accepted,自动唇部选区通过，颜色在标准图允许范围内,13.42,official-e16f3a8ff5ed1874,
ysl-1936,unknown,淘宝,Data_clean_taobao/YSL_1936/YSL_1936_P3/1936_P3_1.jpg,False,low_segmentation_confidence,唇部自动选区置信度不足,,,
ysl-1936,unknown,淘宝,Data_clean_taobao/YSL_1936/YSL_1936_P4/1936_P4_1.jpg,True,accepted,自动唇部选区通过，颜色在标准图允许范围内,6.42,official-e16f3a8ff5ed1874,
ysl-1936,unknown,淘宝,Data_clean_taobao/YSL_1936/YSL_1936_P5/1936_P5_1.jpg,True,accepted,自动唇部选区通过，颜色在标准图允许范围内,6.64,official-e16f3a8ff5ed1874,
ysl-1936,unknown,淘宝,Data_clean_taobao/YSL_1936/YSL_1936_P5/1936_P5_2.jpg,True,accepted,自动唇部选区通过，颜色在标准图允许范围内,5.87,official-e16f3a8ff5ed1874,
ysl-1936,unknown,淘宝,Data_clean_taobao/YSL_1936/YSL_1936_P5/1936_P5_3.jpg,True,accepted,自动唇部选区通过，颜色在标准图允许范围内,5.11,official-e16f3a8ff5ed1874,
ysl-1936,unknown,淘宝,Data_clean_taobao/YSL_1936/YSL_1936_P6/1936_P6_1.jpg,True,accepted,自动唇部选区通过，颜色在标准图允许范围内,6.98,official-e16f3a8ff5ed1874,
ysl-1936,unknown,淘宝,Data_clean_taobao/YSL_1936/YSL_1936_P7/1936_P7_1.jpg,True,accepted,自动唇部选区通过，颜色在标准图允许范围内,1.01,official-e16f3a8ff5ed1874,
ysl-610,unknown,淘宝,Data_clean_taobao/YSL_610/YSL_610_P1/610_P1_1.jpg,True,accepted,自动唇部选区通过，颜色在标准图允许范围内,13.33,official-f812be5e49dfdd3f,
ysl-610,unknown,淘宝,Data_clean_taobao/YSL_610/YSL_610_P10/610_P10_1.jpg,True,accepted,自动唇部选区通过，颜色在标准图允许范围内,3.07,official-f812be5e49dfdd3f,
ysl-610,unknown,淘宝,Data_clean_taobao/YSL_610/YSL_610_P11/610_P11_1.jpg,True,accepted,自动唇部选区通过，颜色在标准图允许范围内,10.63,official-f812be5e49dfdd3f,
ysl-610,unknown,淘宝,Data_clean_taobao/YSL_610/YSL_610_P11/610_P11_2.jpg,True,accepted,自动唇部选区通过，颜色在标准图允许范围内,12.68,official-f812be5e49dfdd3f,
ysl-610,unknown,淘宝,Data_clean_taobao/YSL_610/YSL_610_P12/610_P12_1.jpg,True,accepted,自动唇部选区通过，颜色在标准图允许范围内,3.37,official-f812be5e49dfdd3f,
ysl-610,unknown,淘宝,Data_clean_taobao/YSL_610/YSL_610_P13/610_P13_1.jpg,True,accepted,自动唇部选区通过，颜色在标准图允许范围内,1.06,official-f812be5e49dfdd3f,
ysl-610,unknown,淘宝,Data_clean_taobao/YSL_610/YSL_610_P14/610_P14_1.jpg,True,accepted,自动唇部选区通过，颜色在标准图允许范围内,6.47,official-f812be5e49dfdd3f,
ysl-610,unknown,淘宝,Data_clean_taobao/YSL_610/YSL_610_P2/610_P2_1.jpg,True,accepted,自动唇部选区通过，颜色在标准图允许范围内,11.37,official-f812be5e49dfdd3f,
ysl-610,unknown,淘宝,Data_clean_taobao/YSL_610/YSL_610_P2/610_P2_2.jpg,True,accepted,自动唇部选区通过，颜色在标准图允许范围内,12.23,official-f812be5e49dfdd3f,
ysl-610,unknown,淘宝,Data_clean_taobao/YSL_610/YSL_610_P3/610_P3_1.jpg,True,accepted,自动唇部选区通过，颜色在标准图允许范围内,14.62,official-f812be5e49dfdd3f,
ysl-610,unknown,淘宝,Data_clean_taobao/YSL_610/YSL_610_P3/610_P3_2.jpg,True,accepted,自动唇部选区通过，颜色在标准图允许范围内,15.25,official-f812be5e49dfdd3f,
ysl-610,unknown,淘宝,Data_clean_taobao/YSL_610/YSL_610_P4/610_P4_1.jpg,True,accepted,自动唇部选区通过，颜色在标准图允许范围内,6.73,official-f812be5e49dfdd3f,
ysl-610,unknown,淘宝,Data_clean_taobao/YSL_610/YSL_610_P4/610_P4_2.jpg,True,accepted,自动唇部选区通过，颜色在标准图允许范围内,13.71,official-f812be5e49dfdd3f,
ysl-610,unknown,淘宝,Data_clean_taobao/YSL_610/YSL_610_P4/610_P4_3.jpg,True,accepted,自动唇部选区通过，颜色在标准图允许范围内,5.44,official-f812be5e49dfdd3f,
ysl-610,unknown,淘宝,Data_clean_taobao/YSL_610/YSL_610_P5/610_P5_1.jpg,True,accepted,自动唇部选区通过，颜色在标准图允许范围内,13.47,official-f812be5e49dfdd3f,
ysl-610,unknown,淘宝,Data_clean_taobao/YSL_610/YSL_610_P5/610_P5_2.jpg,True,accepted,自动唇部选区通过，颜色在标准图允许范围内,8.59,official-f812be5e49dfdd3f,
ysl-610,unknown,淘宝,Data_clean_taobao/YSL_610/YSL_610_P6/610_P6_1.jpg,True,accepted,自动唇部选区通过，颜色在标准图允许范围内,7.96,official-f812be5e49dfdd3f,
ysl-610,unknown,淘宝,Data_clean_taobao/YSL_610/YSL_610_P7/610_P7_1.jpg,True,accepted,自动唇部选区通过，颜色在标准图允许范围内,2.2,official-f812be5e49dfdd3f,
ysl-610,unknown,淘宝,Data_clean_taobao/YSL_610/YSL_610_P7/610_P7_2.jpg,True,accepted,自动唇部选区通过，颜色在标准图允许范围内,4.91,official-f812be5e49dfdd3f,
ysl-610,unknown,淘宝,Data_clean_taobao/YSL_610/YSL_610_P7/610_P7_3.jpg,True,accepted,自动唇部选区通过，颜色在标准图允许范围内,4.22,official-f812be5e49dfdd3f,
ysl-610,unknown,淘宝,Data_clean_taobao/YSL_610/YSL_610_P8/610_P8_1.jpg,True,accepted,自动唇部选区通过，颜色在标准图允许范围内,8.54,official-f812be5e49dfdd3f,
ysl-610,unknown,淘宝,Data_clean_taobao/YSL_610/YSL_610_P8/610_P8_2.jpg,True,accepted,自动唇部选区通过，颜色在标准图允许范围内,2.58,official-f812be5e49dfdd3f,
ysl-610,unknown,淘宝,Data_clean_taobao/YSL_610/YSL_610_P8/610_P8_3.jpg,True,accepted,自动唇部选区通过，颜色在标准图允许范围内,7.89,official-f812be5e49dfdd3f,
ysl-610,unknown,淘宝,Data_clean_taobao/YSL_610/YSL_610_P8/610_P8_4.jpg,True,accepted,自动唇部选区通过，颜色在标准图允许范围内,2.63,official-f812be5e49dfdd3f,
ysl-610,unknown,淘宝,Data_clean_taobao/YSL_610/YSL_610_P8/610_P8_5.jpg,True,accepted,自动唇部选区通过，颜色在标准图允许范围内,2.32,official-f812be5e49dfdd3f,
ysl-610,unknown,淘宝,Data_clean_taobao/YSL_610/YSL_610_P9/610_P9_1.jpg,True,accepted,自动唇部选区通过，颜色在标准图允许范围内,10.77,official-f812be5e49dfdd3f,
lancome-274,cream,淘宝,Data_clean_taobao/lancome_274/lancome_274_Cream/lancome_274_Cream_P1/274_P1_1.jpg,True,accepted,自动唇部选区通过，颜色在标准图允许范围内,6.72,official-9b102d5a150f1d4e,
lancome-274,cream,淘宝,Data_clean_taobao/lancome_274/lancome_274_Cream/lancome_274_Cream_P2/274_P2_1.jpg,False,official_color_outlier,与对应标准图色差 ΔE00 21.22，超过 20；不用于颜色参考,21.22,official-9b102d5a150f1d4e,
lancome-274,cream,淘宝,Data_clean_taobao/lancome_274/lancome_274_Cream/lancome_274_Cream_P3/274_P3_1.jpg,True,accepted,自动唇部选区通过，颜色在标准图允许范围内,11.21,official-9b102d5a150f1d4e,
lancome-274,cream,淘宝,Data_clean_taobao/lancome_274/lancome_274_Cream/lancome_274_Cream_P4/274_P4_1.jpg,True,accepted,自动唇部选区通过，颜色在标准图允许范围内,4.97,official-9b102d5a150f1d4e,
lancome-274,cream,淘宝,Data_clean_taobao/lancome_274/lancome_274_Cream/lancome_274_Cream_P5/274_P5_1.jpg,False,official_color_outlier,与对应标准图色差 ΔE00 20.91，超过 20；不用于颜色参考,20.91,official-9b102d5a150f1d4e,
lancome-274,cream,淘宝,Data_clean_taobao/lancome_274/lancome_274_Cream/lancome_274_Cream_P6/274_P6_1.jpg,True,accepted,自动唇部选区通过，颜色在标准图允许范围内,19.82,official-9b102d5a150f1d4e,
lancome-274,cream_gift,淘宝,Data_clean_taobao/lancome_274/lancome_274_Cream_gift/lancome_274_Cream_gift_P1/274_P1_1.jpg,True,accepted,自动唇部选区通过，颜色在标准图允许范围内,5.05,official-7571aa3b80b881d0,
lancome-274,cream_gift,淘宝,Data_clean_taobao/lancome_274/lancome_274_Cream_gift/lancome_274_Cream_gift_P10/274_P10_1.jpg,True,accepted,自动唇部选区通过，颜色在标准图允许范围内,6.47,official-7571aa3b80b881d0,
lancome-274,cream_gift,淘宝,Data_clean_taobao/lancome_274/lancome_274_Cream_gift/lancome_274_Cream_gift_P11/274_P11_1.jpg,True,accepted,自动唇部选区通过，颜色在标准图允许范围内,6.58,official-7571aa3b80b881d0,
lancome-274,cream_gift,淘宝,Data_clean_taobao/lancome_274/lancome_274_Cream_gift/lancome_274_Cream_gift_P12/274_P12_1.jpg,True,accepted,自动唇部选区通过，颜色在标准图允许范围内,11.85,official-7571aa3b80b881d0,
lancome-274,cream_gift,淘宝,Data_clean_taobao/lancome_274/lancome_274_Cream_gift/lancome_274_Cream_gift_P12/274_P12_2.jpg,True,accepted,自动唇部选区通过，颜色在标准图允许范围内,9.26,official-7571aa3b80b881d0,
lancome-274,cream_gift,淘宝,Data_clean_taobao/lancome_274/lancome_274_Cream_gift/lancome_274_Cream_gift_P13/274_P13_1.jpg,True,accepted,自动唇部选区通过，颜色在标准图允许范围内,11.58,official-7571aa3b80b881d0,
lancome-274,cream_gift,淘宝,Data_clean_taobao/lancome_274/lancome_274_Cream_gift/lancome_274_Cream_gift_P14/274_P14_1.jpg,True,accepted,自动唇部选区通过，颜色在标准图允许范围内,5.29,official-7571aa3b80b881d0,
lancome-274,cream_gift,淘宝,Data_clean_taobao/lancome_274/lancome_274_Cream_gift/lancome_274_Cream_gift_P2/274_P2_1.jpg,True,accepted,自动唇部选区通过，颜色在标准图允许范围内,15.63,official-7571aa3b80b881d0,
lancome-274,cream_gift,淘宝,Data_clean_taobao/lancome_274/lancome_274_Cream_gift/lancome_274_Cream_gift_P2/274_P2_2.jpg,True,accepted,自动唇部选区通过，颜色在标准图允许范围内,4.32,official-7571aa3b80b881d0,
lancome-274,cream_gift,淘宝,Data_clean_taobao/lancome_274/lancome_274_Cream_gift/lancome_274_Cream_gift_P3/274_P3_1.jpg,True,accepted,自动唇部选区通过，颜色在标准图允许范围内,18.13,official-7571aa3b80b881d0,
lancome-274,cream_gift,淘宝,Data_clean_taobao/lancome_274/lancome_274_Cream_gift/lancome_274_Cream_gift_P4/274_P4_1.jpg,True,accepted,自动唇部选区通过，颜色在标准图允许范围内,9.18,official-7571aa3b80b881d0,
lancome-274,cream_gift,淘宝,Data_clean_taobao/lancome_274/lancome_274_Cream_gift/lancome_274_Cream_gift_P5/274_P5_1.jpg,True,accepted,自动唇部选区通过，颜色在标准图允许范围内,13.62,official-7571aa3b80b881d0,
lancome-274,cream_gift,淘宝,Data_clean_taobao/lancome_274/lancome_274_Cream_gift/lancome_274_Cream_gift_P5/274_P5_2.jpg,True,accepted,自动唇部选区通过，颜色在标准图允许范围内,9.67,official-7571aa3b80b881d0,
lancome-274,cream_gift,淘宝,Data_clean_taobao/lancome_274/lancome_274_Cream_gift/lancome_274_Cream_gift_P5/274_P5_3.jpg,True,accepted,自动唇部选区通过，颜色在标准图允许范围内,13.29,official-7571aa3b80b881d0,
lancome-274,cream_gift,淘宝,Data_clean_taobao/lancome_274/lancome_274_Cream_gift/lancome_274_Cream_gift_P6/274_P6_1.jpg,True,accepted,自动唇部选区通过，颜色在标准图允许范围内,7.98,official-7571aa3b80b881d0,
lancome-274,cream_gift,淘宝,Data_clean_taobao/lancome_274/lancome_274_Cream_gift/lancome_274_Cream_gift_P7/274_P7_1.jpg,True,accepted,自动唇部选区通过，颜色在标准图允许范围内,8.18,official-7571aa3b80b881d0,
lancome-274,cream_gift,淘宝,Data_clean_taobao/lancome_274/lancome_274_Cream_gift/lancome_274_Cream_gift_P8/274_P8_1.jpg,True,accepted,自动唇部选区通过，颜色在标准图允许范围内,2.89,official-7571aa3b80b881d0,
lancome-274,cream_gift,淘宝,Data_clean_taobao/lancome_274/lancome_274_Cream_gift/lancome_274_Cream_gift_P9/274_P9_1.jpg,True,accepted,自动唇部选区通过，颜色在标准图允许范围内,14.05,official-7571aa3b80b881d0,
lancome-274,intimatte,淘宝,Data_clean_taobao/lancome_274/lancome_274_Intimatte/lancome_274_Intimatte_P1/274_P1_1.jpg,True,accepted,自动唇部选区通过，颜色在标准图允许范围内,15.95,official-0df248bfa5a52443,
lancome-274,intimatte,淘宝,Data_clean_taobao/lancome_274/lancome_274_Intimatte/lancome_274_Intimatte_P10/274_P10_1.jpg,True,accepted,自动唇部选区通过，颜色在标准图允许范围内,10.43,official-0df248bfa5a52443,
lancome-274,intimatte,淘宝,Data_clean_taobao/lancome_274/lancome_274_Intimatte/lancome_274_Intimatte_P11/274_P11_1.jpg,True,accepted,自动唇部选区通过，颜色在标准图允许范围内,5.7,official-0df248bfa5a52443,
lancome-274,intimatte,淘宝,Data_clean_taobao/lancome_274/lancome_274_Intimatte/lancome_274_Intimatte_P11/274_P11_2.jpg,True,accepted,自动唇部选区通过，颜色在标准图允许范围内,8.67,official-0df248bfa5a52443,
lancome-274,intimatte,淘宝,Data_clean_taobao/lancome_274/lancome_274_Intimatte/lancome_274_Intimatte_P11/274_P11_3.jpg,True,accepted,自动唇部选区通过，颜色在标准图允许范围内,11.06,official-0df248bfa5a52443,
lancome-274,intimatte,淘宝,Data_clean_taobao/lancome_274/lancome_274_Intimatte/lancome_274_Intimatte_P12/274_P12_1.jpg,True,accepted,自动唇部选区通过，颜色在标准图允许范围内,5.21,official-0df248bfa5a52443,
lancome-274,intimatte,淘宝,Data_clean_taobao/lancome_274/lancome_274_Intimatte/lancome_274_Intimatte_P13/274_P13_1.jpg,True,accepted,自动唇部选区通过，颜色在标准图允许范围内,5.36,official-0df248bfa5a52443,
lancome-274,intimatte,淘宝,Data_clean_taobao/lancome_274/lancome_274_Intimatte/lancome_274_Intimatte_P14/274_P14_1.jpg,False,official_color_outlier,与对应标准图色差 ΔE00 27.56，超过 20；不用于颜色参考,27.56,official-0df248bfa5a52443,
lancome-274,intimatte,淘宝,Data_clean_taobao/lancome_274/lancome_274_Intimatte/lancome_274_Intimatte_P14/274_P14_2.jpg,True,accepted,自动唇部选区通过，颜色在标准图允许范围内,8.49,official-0df248bfa5a52443,
lancome-274,intimatte,淘宝,Data_clean_taobao/lancome_274/lancome_274_Intimatte/lancome_274_Intimatte_P15/274_P15_1.jpg,True,accepted,自动唇部选区通过，颜色在标准图允许范围内,9.99,official-0df248bfa5a52443,
lancome-274,intimatte,淘宝,Data_clean_taobao/lancome_274/lancome_274_Intimatte/lancome_274_Intimatte_P16/274_P16_1.jpg,True,accepted,自动唇部选区通过，颜色在标准图允许范围内,11.05,official-0df248bfa5a52443,
lancome-274,intimatte,淘宝,Data_clean_taobao/lancome_274/lancome_274_Intimatte/lancome_274_Intimatte_P16/274_P16_2.jpg,True,accepted,自动唇部选区通过，颜色在标准图允许范围内,11.81,official-0df248bfa5a52443,
lancome-274,intimatte,淘宝,Data_clean_taobao/lancome_274/lancome_274_Intimatte/lancome_274_Intimatte_P17/274_P17_1.jpg,True,accepted,自动唇部选区通过，颜色在标准图允许范围内,13.28,official-0df248bfa5a52443,
lancome-274,intimatte,淘宝,Data_clean_taobao/lancome_274/lancome_274_Intimatte/lancome_274_Intimatte_P17/274_P17_2.jpg,True,accepted,自动唇部选区通过，颜色在标准图允许范围内,18.04,official-0df248bfa5a52443,
lancome-274,intimatte,淘宝,Data_clean_taobao/lancome_274/lancome_274_Intimatte/lancome_274_Intimatte_P17/274_P17_3.jpg,True,accepted,自动唇部选区通过，颜色在标准图允许范围内,16.82,official-0df248bfa5a52443,
lancome-274,intimatte,淘宝,Data_clean_taobao/lancome_274/lancome_274_Intimatte/lancome_274_Intimatte_P18/274_P18_1.jpg,True,accepted,自动唇部选区通过，颜色在标准图允许范围内,12.99,official-0df248bfa5a52443,
lancome-274,intimatte,淘宝,Data_clean_taobao/lancome_274/lancome_274_Intimatte/lancome_274_Intimatte_P19/274_P19_1.jpg,True,accepted,自动唇部选区通过，颜色在标准图允许范围内,10.23,official-0df248bfa5a52443,
lancome-274,intimatte,淘宝,Data_clean_taobao/lancome_274/lancome_274_Intimatte/lancome_274_Intimatte_P2/274_P2_1.jpg,True,accepted,自动唇部选区通过，颜色在标准图允许范围内,14.46,official-0df248bfa5a52443,
lancome-274,intimatte,淘宝,Data_clean_taobao/lancome_274/lancome_274_Intimatte/lancome_274_Intimatte_P20/274_P20_1.jpg,True,accepted,自动唇部选区通过，颜色在标准图允许范围内,17.96,official-0df248bfa5a52443,
lancome-274,intimatte,淘宝,Data_clean_taobao/lancome_274/lancome_274_Intimatte/lancome_274_Intimatte_P21/274_P21_1.jpg,False,official_color_outlier,与对应标准图色差 ΔE00 25.09，超过 20；不用于颜色参考,25.09,official-0df248bfa5a52443,
lancome-274,intimatte,淘宝,Data_clean_taobao/lancome_274/lancome_274_Intimatte/lancome_274_Intimatte_P22/274_P22_1.jpg,True,accepted,自动唇部选区通过，颜色在标准图允许范围内,7.06,official-0df248bfa5a52443,
lancome-274,intimatte,淘宝,Data_clean_taobao/lancome_274/lancome_274_Intimatte/lancome_274_Intimatte_P23/274_P23_1.jpg,True,accepted,自动唇部选区通过，颜色在标准图允许范围内,9.36,official-0df248bfa5a52443,
lancome-274,intimatte,淘宝,Data_clean_taobao/lancome_274/lancome_274_Intimatte/lancome_274_Intimatte_P23/274_P23_2.jpg,True,accepted,自动唇部选区通过，颜色在标准图允许范围内,12.34,official-0df248bfa5a52443,
lancome-274,intimatte,淘宝,Data_clean_taobao/lancome_274/lancome_274_Intimatte/lancome_274_Intimatte_P24/274_P24_1.jpg,True,accepted,自动唇部选区通过，颜色在标准图允许范围内,12.94,official-0df248bfa5a52443,
lancome-274,intimatte,淘宝,Data_clean_taobao/lancome_274/lancome_274_Intimatte/lancome_274_Intimatte_P24/274_P24_2.jpg,True,accepted,自动唇部选区通过，颜色在标准图允许范围内,13.87,official-0df248bfa5a52443,
lancome-274,intimatte,淘宝,Data_clean_taobao/lancome_274/lancome_274_Intimatte/lancome_274_Intimatte_P25/274_P25_1.jpg,True,accepted,自动唇部选区通过，颜色在标准图允许范围内,3.43,official-0df248bfa5a52443,
lancome-274,intimatte,淘宝,Data_clean_taobao/lancome_274/lancome_274_Intimatte/lancome_274_Intimatte_P26/274_P26_1.jpg,True,accepted,自动唇部选区通过，颜色在标准图允许范围内,11.22,official-0df248bfa5a52443,
lancome-274,intimatte,淘宝,Data_clean_taobao/lancome_274/lancome_274_Intimatte/lancome_274_Intimatte_P27/274_P27_1.jpg,False,official_color_outlier,与对应标准图色差 ΔE00 24.41，超过 20；不用于颜色参考,24.41,official-0df248bfa5a52443,
lancome-274,intimatte,淘宝,Data_clean_taobao/lancome_274/lancome_274_Intimatte/lancome_274_Intimatte_P28/274_P28_1.jpg,True,accepted,自动唇部选区通过，颜色在标准图允许范围内,5.24,official-0df248bfa5a52443,
lancome-274,intimatte,淘宝,Data_clean_taobao/lancome_274/lancome_274_Intimatte/lancome_274_Intimatte_P29/274_P29_1.jpg,True,accepted,自动唇部选区通过，颜色在标准图允许范围内,8,official-0df248bfa5a52443,
lancome-274,intimatte,淘宝,Data_clean_taobao/lancome_274/lancome_274_Intimatte/lancome_274_Intimatte_P29/274_P29_2.jpg,True,accepted,自动唇部选区通过，颜色在标准图允许范围内,12.52,official-0df248bfa5a52443,
lancome-274,intimatte,淘宝,Data_clean_taobao/lancome_274/lancome_274_Intimatte/lancome_274_Intimatte_P3/274_P3_1.jpg,True,accepted,自动唇部选区通过，颜色在标准图允许范围内,9.81,official-0df248bfa5a52443,
lancome-274,intimatte,淘宝,Data_clean_taobao/lancome_274/lancome_274_Intimatte/lancome_274_Intimatte_P30/274_P30_1.jpg,True,accepted,自动唇部选区通过，颜色在标准图允许范围内,17.53,official-0df248bfa5a52443,
lancome-274,intimatte,淘宝,Data_clean_taobao/lancome_274/lancome_274_Intimatte/lancome_274_Intimatte_P30/274_P30_2.jpg,False,official_color_outlier,与对应标准图色差 ΔE00 21.89，超过 20；不用于颜色参考,21.89,official-0df248bfa5a52443,
lancome-274,intimatte,淘宝,Data_clean_taobao/lancome_274/lancome_274_Intimatte/lancome_274_Intimatte_P31/274_P31_1.jpg,True,accepted,自动唇部选区通过，颜色在标准图允许范围内,5.44,official-0df248bfa5a52443,
lancome-274,intimatte,淘宝,Data_clean_taobao/lancome_274/lancome_274_Intimatte/lancome_274_Intimatte_P4/274_P4_1.jpg,True,accepted,自动唇部选区通过，颜色在标准图允许范围内,11.01,official-0df248bfa5a52443,
lancome-274,intimatte,淘宝,Data_clean_taobao/lancome_274/lancome_274_Intimatte/lancome_274_Intimatte_P5/274_P5_1.jpg,True,accepted,自动唇部选区通过，颜色在标准图允许范围内,15.89,official-0df248bfa5a52443,
lancome-274,intimatte,淘宝,Data_clean_taobao/lancome_274/lancome_274_Intimatte/lancome_274_Intimatte_P6/274_P6_1.jpg,False,official_color_outlier,与对应标准图色差 ΔE00 20.56，超过 20；不用于颜色参考,20.56,official-0df248bfa5a52443,
lancome-274,intimatte,淘宝,Data_clean_taobao/lancome_274/lancome_274_Intimatte/lancome_274_Intimatte_P7/274_P7_1.jpg,True,accepted,自动唇部选区通过，颜色在标准图允许范围内,11.58,official-0df248bfa5a52443,
lancome-274,intimatte,淘宝,Data_clean_taobao/lancome_274/lancome_274_Intimatte/lancome_274_Intimatte_P8/274_P8_1.jpg,True,accepted,自动唇部选区通过，颜色在标准图允许范围内,4.96,official-0df248bfa5a52443,
lancome-274,intimatte,淘宝,Data_clean_taobao/lancome_274/lancome_274_Intimatte/lancome_274_Intimatte_P9/274_P9_1.jpg,True,accepted,自动唇部选区通过，颜色在标准图允许范围内,8.98,official-0df248bfa5a52443,
lancome-275,unknown,淘宝,Data_clean_taobao/lancome_275/lancome_275_P1/275_P1_1.jpg,True,accepted,自动唇部选区通过，颜色在标准图允许范围内,7.82,official-156ef352e06e060a,
lancome-275,unknown,淘宝,Data_clean_taobao/lancome_275/lancome_275_P10/275_P10_1.jpg,True,accepted,自动唇部选区通过，颜色在标准图允许范围内,10.25,official-156ef352e06e060a,
lancome-275,unknown,淘宝,Data_clean_taobao/lancome_275/lancome_275_P10/275_P10_2.jpg,True,accepted,自动唇部选区通过，颜色在标准图允许范围内,15.07,official-156ef352e06e060a,
lancome-275,unknown,淘宝,Data_clean_taobao/lancome_275/lancome_275_P11/275_P11_1.jpg,True,accepted,自动唇部选区通过，颜色在标准图允许范围内,4.43,official-156ef352e06e060a,
lancome-275,unknown,淘宝,Data_clean_taobao/lancome_275/lancome_275_P12/275_P12_1.jpg,True,accepted,自动唇部选区通过，颜色在标准图允许范围内,5.34,official-156ef352e06e060a,
lancome-275,unknown,淘宝,Data_clean_taobao/lancome_275/lancome_275_P13/275_P13_1.jpg,True,accepted,自动唇部选区通过，颜色在标准图允许范围内,6.21,official-156ef352e06e060a,
lancome-275,unknown,淘宝,Data_clean_taobao/lancome_275/lancome_275_P14/275_P14_1.jpg,True,accepted,自动唇部选区通过，颜色在标准图允许范围内,12.71,official-156ef352e06e060a,
lancome-275,unknown,淘宝,Data_clean_taobao/lancome_275/lancome_275_P15/275_P15_1.jpg,True,accepted,自动唇部选区通过，颜色在标准图允许范围内,12.75,official-156ef352e06e060a,
lancome-275,unknown,淘宝,Data_clean_taobao/lancome_275/lancome_275_P2/275_P2_1.jpg,True,accepted,自动唇部选区通过，颜色在标准图允许范围内,0.41,official-156ef352e06e060a,
lancome-275,unknown,淘宝,Data_clean_taobao/lancome_275/lancome_275_P3/275_P3_1.jpg,True,accepted,自动唇部选区通过，颜色在标准图允许范围内,11.07,official-156ef352e06e060a,
lancome-275,unknown,淘宝,Data_clean_taobao/lancome_275/lancome_275_P4/275_P4_1.jpg,True,accepted,自动唇部选区通过，颜色在标准图允许范围内,6.07,official-156ef352e06e060a,
lancome-275,unknown,淘宝,Data_clean_taobao/lancome_275/lancome_275_P5/275_P5_1.jpg,True,accepted,自动唇部选区通过，颜色在标准图允许范围内,6.27,official-156ef352e06e060a,
lancome-275,unknown,淘宝,Data_clean_taobao/lancome_275/lancome_275_P6/275_P6_1.jpg,True,accepted,自动唇部选区通过，颜色在标准图允许范围内,3.01,official-156ef352e06e060a,
lancome-275,unknown,淘宝,Data_clean_taobao/lancome_275/lancome_275_P7/275_P7_1.jpg,True,accepted,自动唇部选区通过，颜色在标准图允许范围内,3.4,official-156ef352e06e060a,
lancome-275,unknown,淘宝,Data_clean_taobao/lancome_275/lancome_275_P8/275_P8_1.jpg,True,accepted,自动唇部选区通过，颜色在标准图允许范围内,10.75,official-156ef352e06e060a,
lancome-275,unknown,淘宝,Data_clean_taobao/lancome_275/lancome_275_P9/275_P9_1.jpg,True,accepted,自动唇部选区通过，颜色在标准图允许范围内,13.35,official-156ef352e06e060a,
