id,role,platform,product_key,variant,source_object_key,image_status,lip,skin,makeup,lip_basis,skin_basis,makeup_basis,image_skin,image_makeup,conflicts,use_for_color_reference,comment
official-e16f3a8ff5ed1874,official,官方,ysl-1936,unknown,color_official/YSL_1936_official.jpg,readable,不确定,白皙,淡妆,missing_text,image_observation,user_requested_visual_heuristic,白皙,淡妆,[],,
official-f812be5e49dfdd3f,official,官方,ysl-610,unknown,color_official/YSL_610_official.jpg,readable,不确定,白皙,淡妆,missing_text,image_observation,user_requested_visual_heuristic,白皙,淡妆,[],,
official-7571aa3b80b881d0,official,官方,lancome-274,cream_gift,color_official/lancome_274_cream_gift_official.jpg,readable,不确定,白皙,淡妆,missing_text,image_observation,user_requested_visual_heuristic,白皙,淡妆,[],,
official-9b102d5a150f1d4e,official,官方,lancome-274,cream,color_official/lancome_274_cream_official.jpg,readable,不确定,白皙,淡妆,missing_text,image_observation,user_requested_visual_heuristic,白皙,淡妆,[],,
official-0df248bfa5a52443,official,官方,lancome-274,intimatte,color_official/lancome_274_intimatte_official.jpg,readable,不确定,白皙,淡妆,missing_text,image_observation,user_requested_visual_heuristic,白皙,淡妆,[],,
official-156ef352e06e060a,official,官方,lancome-275,unknown,color_official/lancome_275_official.jpg,readable,不确定,黄皮,淡妆,missing_text,image_observation,user_requested_visual_heuristic,黄皮,淡妆,[],,
sample-6f4c75e82534ebdd,sample,小红书,ysl-1936,unknown,Data-XHS/YSL-1936/YSL-1936-P3/YSL-1936-P3-1.jpg,readable,不确定,黄皮,淡妆,missing_text,comment_self_report,comment_self_report,黄皮,淡妆,[],True,"好像知道该怎么用YSL1936了
黄皮日常通勤妆，无滤镜，早晨阳光，苹果前置镜头直出，真还不错！
用法：涂在下唇中间和上嘴唇唇峰上，用手指晕开，用手指晕开，用手指晕开！
晕开第一层后，再在唇中间薄涂一层，出来的效果比较朦胧和雾化，是不那么突兀的橘棕调。"
sample-bc44f82368e03fda,sample,小红书,ysl-1936,unknown,Data-XHS/YSL-1936/YSL-1936-P3/YSL-1936-P3-2.jpg,readable,不确定,黄皮,淡妆,missing_text,comment_self_report,comment_self_report,黄皮,淡妆,[],True,"好像知道该怎么用YSL1936了
黄皮日常通勤妆，无滤镜，早晨阳光，苹果前置镜头直出，真还不错！
用法：涂在下唇中间和上嘴唇唇峰上，用手指晕开，用手指晕开，用手指晕开！
晕开第一层后，再在唇中间薄涂一层，出来的效果比较朦胧和雾化，是不那么突兀的橘棕调。"
sample-931eb41f05634109,sample,小红书,ysl-1936,unknown,Data-XHS/YSL-1936/YSL-1936-P4/YSL-1936-P4-1.jpg,readable,不确定,白皙,素颜,missing_text,image_observation,user_requested_visual_heuristic,白皙,素颜,[],True,不同光线下的1936
sample-68b0486aa01eb1d3,sample,小红书,ysl-1936,unknown,Data-XHS/YSL-1936/YSL-1936-P4/YSL-1936-P4-2.jpg,readable,不确定,白皙,素颜,missing_text,image_observation,user_requested_visual_heuristic,白皙,素颜,[],True,不同光线下的1936
sample-9508e3b6939341ef,sample,小红书,ysl-1936,unknown,Data-XHS/YSL-1936/YSL-1936-P6/YSL-1936-P6-1.jpg,readable,不确定,白皙,素颜,missing_text,image_observation,user_requested_visual_heuristic,白皙,素颜,[],True,
sample-0293ca70036a8bdc,sample,小红书,ysl-1936,unknown,Data-XHS/YSL-1936/YSL-1936-P6/YSL-1936-P6-2.jpg,readable,不确定,白皙,素颜,missing_text,image_observation,user_requested_visual_heuristic,白皙,素颜,[],True,
sample-a1ddccb6b54db0d7,sample,小红书,ysl-1936,unknown,Data-XHS/YSL-1936/YSL-1936-P8/YSL-1936-P8.jpg,readable,不确定,白皙,淡妆,missing_text,image_observation,user_requested_visual_heuristic,白皙,淡妆,[],True,自信坠美
sample-ce3845c5e717241a,sample,小红书,ysl-1936,unknown,Data-XHS/YSL-1936/YSL-1936-P9/YSL-1936-P9.jpg,readable,不确定,白皙,素颜,missing_text,comment_self_report,comment_self_report,黄皮,淡妆,"[{""field"": ""skin"", ""image_value"": ""黄皮"", ""final_value"": ""白皙"", ""resolution"": ""comment_wins"", ""evidence_quote"": ""黄一白""}, {""field"": ""makeup"", ""image_value"": ""淡妆"", ""final_value"": ""素颜"", ""resolution"": ""comment_wins"", ""evidence_quote"": ""素颜试色""}]",True,1936黄一白素颜试色🙋
sample-26b53dc1e975f09c,sample,小红书,ysl-610,unknown,Data-XHS/YSL-610/YSL-610-P1/YSL-610-P1-1.jpg,readable,不确定,黄皮,淡妆,missing_text,image_observation,comment_made_up_with_eye_rule,黄皮,素颜,"[{""field"": ""makeup"", ""image_value"": ""素颜"", ""final_value"": ""淡妆"", ""resolution"": ""comment_wins"", ""evidence_quote"": ""带妆试色""}]",True,ysl 610带妆试色
sample-235a15299f365a15,sample,小红书,ysl-610,unknown,Data-XHS/YSL-610/YSL-610-P1/YSL-610-P1-2.jpg,unreadable,不确定,不确定,淡妆,missing_text,image_observation,comment_made_up_with_eye_rule,不确定,不确定,[],False,ysl 610带妆试色
sample-5d56ba61ba967dac,sample,小红书,ysl-610,unknown,Data-XHS/YSL-610/YSL-610-P10/YSL-610-P10-1.jpg,readable,不确定,白皙,淡妆,missing_text,image_observation,user_requested_visual_heuristic,白皙,淡妆,[],True,Ysl 610踩雷……像吃辣椒上火色
sample-7f2a37984ff41c72,sample,小红书,ysl-610,unknown,Data-XHS/YSL-610/YSL-610-P10/YSL-610-P10-2.jpg,unreadable,不确定,不确定,不确定,missing_text,image_observation,user_requested_visual_heuristic,不确定,不确定,[],False,Ysl 610踩雷……像吃辣椒上火色
sample-c676c4c154f7374c,sample,小红书,ysl-610,unknown,Data-XHS/YSL-610/YSL-610-P10/YSL-610-P10-3.jpg,unreadable,不确定,不确定,不确定,missing_text,image_observation,user_requested_visual_heuristic,不确定,不确定,[],False,Ysl 610踩雷……像吃辣椒上火色
sample-f4c59680385bb0c0,sample,小红书,ysl-610,unknown,Data-XHS/YSL-610/YSL-610-P11/YSL-610-P11-1.jpg,readable,不确定,黄皮,淡妆,missing_text,comment_self_report,user_requested_visual_heuristic,白皙,淡妆,"[{""field"": ""skin"", ""image_value"": ""白皙"", ""final_value"": ""黄皮"", ""resolution"": ""comment_wins"", ""evidence_quote"": ""黄皮干皮""}]",True,黄皮干皮涂Ysl610
sample-2599b8822d6c2c0f,sample,小红书,ysl-610,unknown,Data-XHS/YSL-610/YSL-610-P11/YSL-610-P11-2.jpg,unreadable,不确定,黄皮,不确定,missing_text,comment_self_report,user_requested_visual_heuristic,不确定,不确定,[],False,黄皮干皮涂Ysl610
sample-0af34df69b64f486,sample,小红书,ysl-610,unknown,Data-XHS/YSL-610/YSL-610-P15/YSL-610-P15.jpg,readable,不确定,白皙,淡妆,missing_text,image_observation,user_requested_visual_heuristic,白皙,淡妆,[],True,YSL610冰乌龙无美颜试色，美+1，黏嘴+1
sample-0b49c41d858ddd9e,sample,小红书,ysl-610,unknown,Data-XHS/YSL-610/YSL-610-P3/YSL-610-P3.jpg,readable,浅唇,白皙,淡妆,comment_self_report,image_observation,user_requested_visual_heuristic,白皙,淡妆,[],True,"新买的圣罗兰610，涂出来为啥有点显老
本人浅唇色，610刚上嘴，一种大妈的感觉，可能涂太多了，感觉红调太重了，我以为是那种裸色系列的，感觉不太适合素颜涂，更适合带妆涂
涂出来更红棕色系，红调更重一些，只能薄涂了还没那么灾难……"
sample-065f34596ee3a855,sample,小红书,ysl-610,unknown,Data-XHS/YSL-610/YSL-610-P4/YSL-610-P4.jpg,readable,不确定,白皙,淡妆,missing_text,image_observation,user_requested_visual_heuristic,白皙,淡妆,[],True,ysl 610你美！！！
sample-4e9a40e5494d03bf,sample,小红书,ysl-610,unknown,Data-XHS/YSL-610/YSL-610-P6/YSL-610-P6.jpg,readable,不确定,黄皮,淡妆,missing_text,image_observation,user_requested_visual_heuristic,黄皮,淡妆,[],True,一天一支口红试色 YSL610 特别温柔
sample-9e10e99c57cce8ce,sample,小红书,ysl-610,unknown,Data-XHS/YSL-610/YSL-610-P8/YSL-610-P8-1.jpg,readable,不确定,白皙,素颜,missing_text,image_observation,user_requested_visual_heuristic,白皙,素颜,[],True,
sample-893a54109ba79ad7,sample,小红书,ysl-610,unknown,Data-XHS/YSL-610/YSL-610-P8/YSL-610-P8-2.jpg,unreadable,不确定,不确定,不确定,missing_text,image_observation,user_requested_visual_heuristic,不确定,不确定,[],False,
sample-b5ffb4dc86c49691,sample,小红书,ysl-610,unknown,Data-XHS/YSL-610/YSL-610-P8/YSL-610-P8-3.jpg,unreadable,不确定,不确定,不确定,missing_text,image_observation,user_requested_visual_heuristic,不确定,不确定,[],False,
sample-9ea05e0d5cb0dbce,sample,小红书,ysl-610,unknown,Data-XHS/YSL-610/YSL-610-P8/YSL-610-P8-4.jpg,unreadable,不确定,不确定,不确定,missing_text,image_observation,user_requested_visual_heuristic,不确定,不确定,[],False,
sample-14f49369be6266b0,sample,小红书,lancome-274,unknown,Data-XHS/lancome-274/lancome-274-P10/lancome-274-P10.jpg,readable,不确定,白皙,素颜,missing_text,image_observation,user_requested_visual_heuristic,白皙,素颜,[],True,兰蔻Lancôme 菁纯柔润丝缎274 原相机试色
sample-893d7a69eb61e061,sample,小红书,lancome-274,unknown,Data-XHS/lancome-274/lancome-274-P11/lancome-274-P11-1.jpg,readable,不确定,白皙,淡妆,missing_text,image_observation,user_requested_visual_heuristic,白皙,淡妆,[],True,被这口红的水光感硬控了！274不愧是老网红
sample-40fc6e0e09786147,sample,小红书,lancome-274,unknown,Data-XHS/lancome-274/lancome-274-P11/lancome-274-P11-2.jpg,readable,不确定,白皙,淡妆,missing_text,image_observation,user_requested_visual_heuristic,白皙,淡妆,[],True,被这口红的水光感硬控了！274不愧是老网红
sample-9d8bbb690488ea43,sample,小红书,lancome-274,unknown,Data-XHS/lancome-274/lancome-274-P12/lancome-274-P12-1.jpg,readable,不确定,黄皮,素颜,missing_text,comment_self_report,user_requested_visual_heuristic,黄皮,素颜,[],True,黄皮全脸试色|涂一万次照样爱上的274
sample-816a7430895d64c3,sample,小红书,lancome-274,unknown,Data-XHS/lancome-274/lancome-274-P12/lancome-274-P12-2.jpg,readable,不确定,黄皮,素颜,missing_text,comment_self_report,user_requested_visual_heuristic,黄皮,素颜,[],True,黄皮全脸试色|涂一万次照样爱上的274
sample-deab37b1a00de90d,sample,小红书,lancome-274,unknown,Data-XHS/lancome-274/lancome-274-P3/lancome-274-P3-1.jpg,readable,不确定,黄皮,淡妆,missing_text,image_observation,user_requested_visual_heuristic,黄皮,淡妆,[],True,怎么才发现274的好
sample-5595c6c0e6cd9c60,sample,小红书,lancome-274,unknown,Data-XHS/lancome-274/lancome-274-P3/lancome-274-P3-2.jpg,unreadable,不确定,不确定,不确定,missing_text,image_observation,user_requested_visual_heuristic,不确定,不确定,[],False,怎么才发现274的好
sample-914c836d5cb1b34c,sample,小红书,lancome-274,unknown,Data-XHS/lancome-274/lancome-274-P5/lancome-274-P5-1.jpg,readable,不确定,黄皮,素颜,missing_text,image_observation,user_requested_visual_heuristic,黄皮,素颜,[],True,兰蔻缎光274
sample-782c36d8f9db1432,sample,小红书,lancome-274,unknown,Data-XHS/lancome-274/lancome-274-P5/lancome-274-P5-2.jpg,readable,不确定,黄皮,素颜,missing_text,image_observation,user_requested_visual_heuristic,黄皮,素颜,[],True,兰蔻缎光274
sample-3c3b48078fd2602d,sample,小红书,lancome-274,unknown,Data-XHS/lancome-274/lancome-274-P5/lancome-274-P5-3.jpg,readable,不确定,黄皮,素颜,missing_text,image_observation,user_requested_visual_heuristic,黄皮,素颜,[],True,兰蔻缎光274
sample-43299891bc612718,sample,小红书,lancome-274,unknown,Data-XHS/lancome-274/lancome-274-P6/lancome-274-P6.jpg,readable,不确定,白皙,淡妆,missing_text,image_observation,user_requested_visual_heuristic,白皙,淡妆,[],True,兰蔻274试色原相机直出
sample-52e533113c08ec33,sample,小红书,lancome-274,unknown,Data-XHS/lancome-274/lancome-274-P7/lancome-274-P7-1.jpg,readable,不确定,白皙,淡妆,missing_text,image_observation,user_requested_visual_heuristic,白皙,淡妆,[],True,274买很久了！
sample-3ecfa1e289fdc9d0,sample,小红书,lancome-274,unknown,Data-XHS/lancome-274/lancome-274-P7/lancome-274-P7-2.jpg,readable,不确定,白皙,素颜,missing_text,image_observation,user_requested_visual_heuristic,白皙,素颜,[],True,274买很久了！
sample-3d9c18c12cce3399,sample,小红书,lancome-274,unknown,Data-XHS/lancome-274/lancome-274-P7/lancome-274-P7-3.jpg,unreadable,不确定,不确定,不确定,missing_text,image_observation,user_requested_visual_heuristic,不确定,不确定,[],False,274买很久了！
sample-6ea001ef1fd18fce,sample,小红书,lancome-274,unknown,Data-XHS/lancome-274/lancome-274-P7/lancome-274-P7-4.jpg,unreadable,不确定,不确定,不确定,missing_text,image_observation,user_requested_visual_heuristic,不确定,不确定,[],False,274买很久了！
sample-859e3c04adfcb71c,sample,小红书,lancome-274,unknown,Data-XHS/lancome-274/lancome-274-P8/lancome-274-P8-1.jpg,readable,不确定,白皙,淡妆,missing_text,image_observation,user_requested_visual_heuristic,白皙,淡妆,[],True,"兰蔻小蛮腰274，听我说谢谢你
真的好看 真的好看 真的好看
兰蔻他们家叫274的有不好看的吗？
粉橘粉橘的！不挑场合！质地真的很薄，干了以后不太沾杯，轻微一丢丢～感觉蛮隐藏唇纹的"
sample-e0a8fc71347b1e52,sample,小红书,lancome-274,unknown,Data-XHS/lancome-274/lancome-274-P8/lancome-274-P8-2.jpg,readable,不确定,白皙,淡妆,missing_text,image_observation,user_requested_visual_heuristic,白皙,淡妆,[],True,"兰蔻小蛮腰274，听我说谢谢你
真的好看 真的好看 真的好看
兰蔻他们家叫274的有不好看的吗？
粉橘粉橘的！不挑场合！质地真的很薄，干了以后不太沾杯，轻微一丢丢～感觉蛮隐藏唇纹的"
sample-3e1c49105e85e909,sample,小红书,lancome-274,unknown,Data-XHS/lancome-274/lancome-274-P9/lancome-274-P9.jpg,readable,不确定,黄皮,素颜,missing_text,image_observation,user_requested_visual_heuristic,黄皮,素颜,[],True,已放实况，推荐挚爱兰蔻黑管小蛮腰274！！！
sample-0bd11c19da680d48,sample,小红书,lancome-274,unknown,Data-XHS/lancome-274/lancome-274-p4/lancome-274-P4-2.jpg,readable,不确定,白皙,淡妆,missing_text,comment_self_report,user_requested_visual_heuristic,白皙,淡妆,[],True,黄一白兰蔻菁纯小蛮腰水唇釉274真实试色！
sample-d6bb39576427006c,sample,小红书,lancome-275,unknown,Data-XHS/lancome-275/lancome-275-P1/lancome-275-P1-1.jpg,readable,不确定,白皙,淡妆,missing_text,image_observation,user_requested_visual_heuristic,白皙,淡妆,[],True,"兰蔻唇釉275
之前很讨厌的一支，还发过一个笔记蛐蛐它。哈哈（尴尬不失礼貌的微笑），好吧我承认是我片面了。今天涂了唇线笔，用唇刷晕染了一下，然后临机一动用唇刷把它也推了一下，终于找到了打开的正确方式。有广告里的那个裸色了，带点大地色系的奶茶色，日常不出错的颜色，跟大多数妆容都很适配，好歹也是大热门色号。秘诀在于一定一定一定要用刷子晕染啊！没用唇刷的时候，我一直跟闺蜜骂它是虚假宣传。刷开后质地还行，轻薄滋润，覆盖力可以，深唇应该可以遮，掉色不多，脱妆后留色也不错。总体来说可以给8分，。"
sample-d401b3ca80ab1387,sample,小红书,lancome-275,unknown,Data-XHS/lancome-275/lancome-275-P1/lancome-275-P1-2.jpg,readable,不确定,白皙,浓妆,missing_text,image_observation,user_requested_visual_heuristic,白皙,浓妆,[],True,"兰蔻唇釉275
之前很讨厌的一支，还发过一个笔记蛐蛐它。哈哈（尴尬不失礼貌的微笑），好吧我承认是我片面了。今天涂了唇线笔，用唇刷晕染了一下，然后临机一动用唇刷把它也推了一下，终于找到了打开的正确方式。有广告里的那个裸色了，带点大地色系的奶茶色，日常不出错的颜色，跟大多数妆容都很适配，好歹也是大热门色号。秘诀在于一定一定一定要用刷子晕染啊！没用唇刷的时候，我一直跟闺蜜骂它是虚假宣传。刷开后质地还行，轻薄滋润，覆盖力可以，深唇应该可以遮，掉色不多，脱妆后留色也不错。总体来说可以给8分，。"
sample-985536e38004eec3,sample,小红书,lancome-275,unknown,Data-XHS/lancome-275/lancome-275-P1/lancome-275-P1-3.jpg,readable,不确定,白皙,浓妆,missing_text,image_observation,user_requested_visual_heuristic,白皙,浓妆,[],True,"兰蔻唇釉275
之前很讨厌的一支，还发过一个笔记蛐蛐它。哈哈（尴尬不失礼貌的微笑），好吧我承认是我片面了。今天涂了唇线笔，用唇刷晕染了一下，然后临机一动用唇刷把它也推了一下，终于找到了打开的正确方式。有广告里的那个裸色了，带点大地色系的奶茶色，日常不出错的颜色，跟大多数妆容都很适配，好歹也是大热门色号。秘诀在于一定一定一定要用刷子晕染啊！没用唇刷的时候，我一直跟闺蜜骂它是虚假宣传。刷开后质地还行，轻薄滋润，覆盖力可以，深唇应该可以遮，掉色不多，脱妆后留色也不错。总体来说可以给8分，。"
sample-7cdcfdcfd8dd5bf7,sample,小红书,lancome-275,unknown,Data-XHS/lancome-275/lancome-275-P1/lancome-275-P1-4.jpg,readable,不确定,白皙,浓妆,missing_text,image_observation,user_requested_visual_heuristic,白皙,浓妆,[],True,"兰蔻唇釉275
之前很讨厌的一支，还发过一个笔记蛐蛐它。哈哈（尴尬不失礼貌的微笑），好吧我承认是我片面了。今天涂了唇线笔，用唇刷晕染了一下，然后临机一动用唇刷把它也推了一下，终于找到了打开的正确方式。有广告里的那个裸色了，带点大地色系的奶茶色，日常不出错的颜色，跟大多数妆容都很适配，好歹也是大热门色号。秘诀在于一定一定一定要用刷子晕染啊！没用唇刷的时候，我一直跟闺蜜骂它是虚假宣传。刷开后质地还行，轻薄滋润，覆盖力可以，深唇应该可以遮，掉色不多，脱妆后留色也不错。总体来说可以给8分，。"
sample-70f0d8476dcd4c19,sample,小红书,lancome-275,unknown,Data-XHS/lancome-275/lancome-275-P2/lancome-275-P2.jpg,readable,不确定,黄皮,素颜,missing_text,image_observation,user_requested_visual_heuristic,黄皮,素颜,[],True,我宣布Lancôme275是上班的神
sample-9730fe71605bef9d,sample,小红书,lancome-275,unknown,Data-XHS/lancome-275/lancome-275-P3/lancome-275-P3-1.jpg,readable,不确定,白皙,浓妆,missing_text,image_observation,user_requested_visual_heuristic,白皙,浓妆,[],True,兰蔻275唇釉💄大热门色号
sample-b8ad4d7055f2b6e7,sample,小红书,lancome-275,unknown,Data-XHS/lancome-275/lancome-275-P3/lancome-275-P3-2.jpg,readable,不确定,白皙,浓妆,missing_text,image_observation,user_requested_visual_heuristic,白皙,浓妆,[],True,兰蔻275唇釉💄大热门色号
sample-af6b8a707858d8a1,sample,小红书,lancome-275,unknown,Data-XHS/lancome-275/lancome-275-P3/lancome-275-P3-3.jpg,readable,不确定,白皙,浓妆,missing_text,image_observation,user_requested_visual_heuristic,白皙,浓妆,[],True,兰蔻275唇釉💄大热门色号
sample-6e8b966b7605b724,sample,小红书,lancome-275,unknown,Data-XHS/lancome-275/lancome-275-P6/lancome-275-P6.jpg,readable,不确定,白皙,淡妆,missing_text,image_observation,user_requested_visual_heuristic,白皙,淡妆,[],True,兰蔻275唇釉
sample-6424cdb987bb7853,sample,小红书,lancome-275,unknown,Data-XHS/lancome-275/lancome-275-P7/lancome-275-P7.jpg,readable,不确定,白皙,淡妆,missing_text,image_observation,user_requested_visual_heuristic,白皙,淡妆,[],True,黄皮本命裸色，无限回购的一支❗️❗️❗️
sample-a1f45f3302dda0c4,sample,淘宝,ysl-1936,unknown,Data_clean_taobao/YSL_1936/YSL_1936_P1/1936_P1_1.jpg,readable,不确定,白皙,淡妆,missing_text,image_observation,user_requested_visual_heuristic,白皙,淡妆,[],True,颜值超高的限定版，简直太好看了吧～自从夜光斑马丢了之后就一直在等下一个心仪的细管，图四是610冰乌龙叠涂1936，给闺蜜也买了一支，要一起美丽^_^
sample-2e796502ea2118c6,sample,淘宝,ysl-1936,unknown,Data_clean_taobao/YSL_1936/YSL_1936_P2/1936_P2_1.jpg,readable,不确定,白皙,素颜,missing_text,image_observation,comment_self_report,白皙,素颜,[],True,如果生活有阻拦 我希望是圣罗兰 很漂亮，收到之前看很多人说感觉壳子是光面的没有质感什么的，很担心，到货发现光面挺好的，还能摸到一些闪片的凸起感，很闪很好看，我觉得壳子也不是很轻也不是很重，质感还算有，纯素颜涂也无压力 打开是一种蜂蜜的味道 ，很甜 总之可以买 很喜欢 已经动力满满准备化个妆了
sample-89f3b2e70819e2d1,sample,淘宝,ysl-1936,unknown,Data_clean_taobao/YSL_1936/YSL_1936_P2/1936_P2_2.jpg,readable,不确定,白皙,素颜,missing_text,image_observation,comment_self_report,白皙,素颜,[],True,如果生活有阻拦 我希望是圣罗兰 很漂亮，收到之前看很多人说感觉壳子是光面的没有质感什么的，很担心，到货发现光面挺好的，还能摸到一些闪片的凸起感，很闪很好看，我觉得壳子也不是很轻也不是很重，质感还算有，纯素颜涂也无压力 打开是一种蜂蜜的味道 ，很甜 总之可以买 很喜欢 已经动力满满准备化个妆了
sample-a9d0a7b64c5b004c,sample,淘宝,ysl-1936,unknown,Data_clean_taobao/YSL_1936/YSL_1936_P3/1936_P3_1.jpg,readable,不确定,白皙,淡妆,missing_text,image_observation,user_requested_visual_heuristic,白皙,淡妆,[],False,颜色好看，值得推荐，值得购买的。
sample-ca60c1eecea63d24,sample,淘宝,ysl-1936,unknown,Data_clean_taobao/YSL_1936/YSL_1936_P4/1936_P4_1.jpg,readable,不确定,白皙,淡妆,missing_text,image_observation,user_requested_visual_heuristic,白皙,淡妆,[],True,1936很有质感的一个颜色，上嘴超显白！一年四季都适合！美死了！而且超级显色，薄涂就很提气色，厚涂气场全开，日常涂也不夸张~冲冲
sample-740870c0b5097504,sample,淘宝,ysl-1936,unknown,Data_clean_taobao/YSL_1936/YSL_1936_P5/1936_P5_1.jpg,readable,不确定,白皙,淡妆,missing_text,image_observation,user_requested_visual_heuristic,白皙,淡妆,[],True,YSL1936琥珀柑茶，质地浓郁的红棕色，干净大气，涂上一整个简约干练的感觉！哑光质地，涂抹上嘴不拔干不显唇纹，好看喜欢
sample-0fbc1b1055cbfdf1,sample,淘宝,ysl-1936,unknown,Data_clean_taobao/YSL_1936/YSL_1936_P5/1936_P5_2.jpg,readable,不确定,白皙,浓妆,missing_text,image_observation,user_requested_visual_heuristic,白皙,浓妆,[],True,YSL1936琥珀柑茶，质地浓郁的红棕色，干净大气，涂上一整个简约干练的感觉！哑光质地，涂抹上嘴不拔干不显唇纹，好看喜欢
sample-9f121fda8cdbdda2,sample,淘宝,ysl-1936,unknown,Data_clean_taobao/YSL_1936/YSL_1936_P5/1936_P5_3.jpg,readable,不确定,白皙,浓妆,missing_text,image_observation,user_requested_visual_heuristic,白皙,浓妆,[],True,YSL1936琥珀柑茶，质地浓郁的红棕色，干净大气，涂上一整个简约干练的感觉！哑光质地，涂抹上嘴不拔干不显唇纹，好看喜欢
sample-27e65a240e0f2aa0,sample,淘宝,ysl-1936,unknown,Data_clean_taobao/YSL_1936/YSL_1936_P6/1936_P6_1.jpg,readable,不确定,黄皮,素颜,missing_text,image_observation,user_requested_visual_heuristic,黄皮,素颜,[],True,小金条你不错呀，你进步了呀，真的很好爱很润，好好看了， 曾经的曾经这个款还很干。 相信大家的选择呀。 爱了爱了爱了， 姐妹们冲冲冲
sample-0cea014cf21db3dc,sample,淘宝,ysl-1936,unknown,Data_clean_taobao/YSL_1936/YSL_1936_P7/1936_P7_1.jpg,readable,不确定,白皙,浓妆,missing_text,image_observation,user_requested_visual_heuristic,白皙,浓妆,[],True,麻烦ysl给我打钱吧！拍的那么好看！1936的色号也没踩雷，适合过年呀
sample-5932bf5089af50ab,sample,淘宝,ysl-610,unknown,Data_clean_taobao/YSL_610/YSL_610_P1/610_P1_1.jpg,readable,不确定,黄皮,淡妆,missing_text,image_observation,user_requested_visual_heuristic,黄皮,淡妆,[],True,第二次发货和第一次收到的一点都不一样、你们有没有这种情况？第二次收到的没有第一次滋润、黏稠度也不一样、再就是字体也不一样、客服非说批次不一样字体不一样、字体咱先不说、就说口红、用着根本就不一样、颜色和第一次也不一样、而且还容易掉色、一看就是假货、打开了也不给退！你当消费者是**么？我就想问问第二次买的有没有和我这情况一样的、看是我自己这样还是大家也有这情况的！
sample-fb7f79b0f978b40b,sample,淘宝,ysl-610,unknown,Data_clean_taobao/YSL_610/YSL_610_P10/610_P10_1.jpg,readable,不确定,黄皮,素颜,missing_text,image_observation,user_requested_visual_heuristic,黄皮,素颜,[],True,有色差 不过好看的 而且也滋润。
sample-a0102a2b103597dd,sample,淘宝,ysl-610,unknown,Data_clean_taobao/YSL_610/YSL_610_P11/610_P11_1.jpg,readable,不确定,白皙,淡妆,missing_text,image_observation,user_requested_visual_heuristic,白皙,淡妆,[],True,不拔干，外观好看，颜色好看，赠品很多，包装精致
sample-2270e547ee8a86d4,sample,淘宝,ysl-610,unknown,Data_clean_taobao/YSL_610/YSL_610_P11/610_P11_2.jpg,readable,不确定,白皙,淡妆,missing_text,image_observation,user_requested_visual_heuristic,白皙,淡妆,[],True,不拔干，外观好看，颜色好看，赠品很多，包装精致
sample-7733f263051071d0,sample,淘宝,ysl-610,unknown,Data_clean_taobao/YSL_610/YSL_610_P12/610_P12_1.jpg,readable,不确定,黄皮,素颜,missing_text,image_observation,user_requested_visual_heuristic,黄皮,素颜,[],True,颜色超级正，薄涂厚涂都好看，持久度在线，性价比绝了！
sample-840c6b222ce8d24a,sample,淘宝,ysl-610,unknown,Data_clean_taobao/YSL_610/YSL_610_P13/610_P13_1.jpg,readable,不确定,黄皮,淡妆,missing_text,image_observation,user_requested_visual_heuristic,黄皮,淡妆,[],True,"新出的配色美鼠了,习惯性好评,下次还会买的,代言人的广告真的太好看了,不要抿嘴才能get到玻璃唇,上唇是冰葡萄的颜色,物流挺快的，升级版管身还做了侧面爱心图案，喜欢"
sample-729134a986b508a0,sample,淘宝,ysl-610,unknown,Data_clean_taobao/YSL_610/YSL_610_P14/610_P14_1.jpg,readable,不确定,白皙,素颜,missing_text,image_observation,user_requested_visual_heuristic,白皙,素颜,[],True,我涂上颜色有点暗，不好看也不难看，真的是适合白皮浅唇
sample-86e42c2ddc91cf68,sample,淘宝,ysl-610,unknown,Data_clean_taobao/YSL_610/YSL_610_P2/610_P2_1.jpg,readable,不确定,黄皮,淡妆,missing_text,image_observation,user_requested_visual_heuristic,黄皮,淡妆,[],True,真的适合深唇姐妹，缺点就是个人觉得太香了，送的香水很好闻
sample-de2f286107d4b1f9,sample,淘宝,ysl-610,unknown,Data_clean_taobao/YSL_610/YSL_610_P2/610_P2_2.jpg,readable,不确定,黄皮,素颜,missing_text,image_observation,user_requested_visual_heuristic,黄皮,素颜,[],True,真的适合深唇姐妹，缺点就是个人觉得太香了，送的香水很好闻
sample-cf2f22b886e9a3b0,sample,淘宝,ysl-610,unknown,Data_clean_taobao/YSL_610/YSL_610_P3/610_P3_1.jpg,readable,深唇,黄皮,素颜,comment_self_report,image_observation,user_requested_visual_heuristic,黄皮,素颜,[],True,好看！深唇，但是也很爱
sample-3de7d0ff46af6d6d,sample,淘宝,ysl-610,unknown,Data_clean_taobao/YSL_610/YSL_610_P3/610_P3_2.jpg,readable,深唇,黄皮,素颜,comment_self_report,image_observation,user_requested_visual_heuristic,黄皮,素颜,[],True,好看！深唇，但是也很爱
sample-c8938c9a67638f90,sample,淘宝,ysl-610,unknown,Data_clean_taobao/YSL_610/YSL_610_P4/610_P4_1.jpg,readable,不确定,白皙,淡妆,missing_text,image_observation,user_requested_visual_heuristic,白皙,淡妆,[],True,610一直在纠结买新版还是旧版 为了保险买了新版 很美丽的颜色 唇部不用打底液很显色 成膜以后光泽度很不错
sample-f6ec1c47dd24491c,sample,淘宝,ysl-610,unknown,Data_clean_taobao/YSL_610/YSL_610_P4/610_P4_2.jpg,readable,不确定,白皙,淡妆,missing_text,image_observation,user_requested_visual_heuristic,白皙,淡妆,[],True,610一直在纠结买新版还是旧版 为了保险买了新版 很美丽的颜色 唇部不用打底液很显色 成膜以后光泽度很不错
sample-877764a6b65fb955,sample,淘宝,ysl-610,unknown,Data_clean_taobao/YSL_610/YSL_610_P4/610_P4_3.jpg,readable,不确定,白皙,淡妆,missing_text,image_observation,user_requested_visual_heuristic,白皙,淡妆,[],True,610一直在纠结买新版还是旧版 为了保险买了新版 很美丽的颜色 唇部不用打底液很显色 成膜以后光泽度很不错
sample-a5c469e1f16b9664,sample,淘宝,ysl-610,unknown,Data_clean_taobao/YSL_610/YSL_610_P5/610_P5_1.jpg,readable,不确定,黄皮,素颜,missing_text,image_observation,user_requested_visual_heuristic,黄皮,素颜,[],True,很自然且滋润的颜色
sample-63b6338d5883798c,sample,淘宝,ysl-610,unknown,Data_clean_taobao/YSL_610/YSL_610_P5/610_P5_2.jpg,readable,不确定,黄皮,素颜,missing_text,image_observation,user_requested_visual_heuristic,黄皮,素颜,[],True,很自然且滋润的颜色
sample-e5863ea60f8979a8,sample,淘宝,ysl-610,unknown,Data_clean_taobao/YSL_610/YSL_610_P6/610_P6_1.jpg,readable,不确定,黄皮,素颜,missing_text,image_observation,user_requested_visual_heuristic,黄皮,素颜,[],True,好看好看
sample-70abc253911da1ba,sample,淘宝,ysl-610,unknown,Data_clean_taobao/YSL_610/YSL_610_P7/610_P7_1.jpg,readable,不确定,白皙,淡妆,missing_text,image_observation,user_requested_visual_heuristic,白皙,淡妆,[],True,七夕收到的惊喜礼物，这款限定黑管颜值直接戳中我！粉银斜纹外壳自带高级拉丝光泽，送礼拿出去氛围感十足。本命色 610 冰乌龙是百搭的奶茶乌龙色调，温柔不挑人，镜面成膜润润亮亮，日常淡妆、约会涂都适配。不管自留还是送女友都合适
sample-1a2d1286b41c6a15,sample,淘宝,ysl-610,unknown,Data_clean_taobao/YSL_610/YSL_610_P7/610_P7_2.jpg,readable,不确定,白皙,淡妆,missing_text,image_observation,user_requested_visual_heuristic,白皙,淡妆,[],True,七夕收到的惊喜礼物，这款限定黑管颜值直接戳中我！粉银斜纹外壳自带高级拉丝光泽，送礼拿出去氛围感十足。本命色 610 冰乌龙是百搭的奶茶乌龙色调，温柔不挑人，镜面成膜润润亮亮，日常淡妆、约会涂都适配。不管自留还是送女友都合适
sample-e520806b3089b32b,sample,淘宝,ysl-610,unknown,Data_clean_taobao/YSL_610/YSL_610_P7/610_P7_3.jpg,readable,不确定,白皙,淡妆,missing_text,image_observation,user_requested_visual_heuristic,白皙,淡妆,[],True,七夕收到的惊喜礼物，这款限定黑管颜值直接戳中我！粉银斜纹外壳自带高级拉丝光泽，送礼拿出去氛围感十足。本命色 610 冰乌龙是百搭的奶茶乌龙色调，温柔不挑人，镜面成膜润润亮亮，日常淡妆、约会涂都适配。不管自留还是送女友都合适
sample-00e1514e0721d3e1,sample,淘宝,ysl-610,unknown,Data_clean_taobao/YSL_610/YSL_610_P8/610_P8_1.jpg,readable,不确定,白皙,素颜,missing_text,image_observation,user_requested_visual_heuristic,白皙,素颜,[],True,不拔干，颜色好看，整体不错，适合黄黑皮
sample-7cdca271b81ccd65,sample,淘宝,ysl-610,unknown,Data_clean_taobao/YSL_610/YSL_610_P8/610_P8_2.jpg,readable,不确定,白皙,素颜,missing_text,image_observation,user_requested_visual_heuristic,白皙,素颜,[],True,不拔干，颜色好看，整体不错，适合黄黑皮
sample-f13582fe319602c4,sample,淘宝,ysl-610,unknown,Data_clean_taobao/YSL_610/YSL_610_P8/610_P8_3.jpg,readable,不确定,白皙,素颜,missing_text,image_observation,user_requested_visual_heuristic,白皙,素颜,[],True,不拔干，颜色好看，整体不错，适合黄黑皮
sample-cc7301c52533cc3d,sample,淘宝,ysl-610,unknown,Data_clean_taobao/YSL_610/YSL_610_P8/610_P8_4.jpg,readable,不确定,白皙,素颜,missing_text,image_observation,user_requested_visual_heuristic,白皙,素颜,[],True,不拔干，颜色好看，整体不错，适合黄黑皮
sample-dbb5b5f3f92fadc5,sample,淘宝,ysl-610,unknown,Data_clean_taobao/YSL_610/YSL_610_P8/610_P8_5.jpg,readable,不确定,白皙,素颜,missing_text,image_observation,user_requested_visual_heuristic,白皙,素颜,[],True,不拔干，颜色好看，整体不错，适合黄黑皮
sample-fe51f873a529199e,sample,淘宝,ysl-610,unknown,Data_clean_taobao/YSL_610/YSL_610_P9/610_P9_1.jpg,readable,不确定,白皙,淡妆,missing_text,image_observation,user_requested_visual_heuristic,白皙,淡妆,[],True,果真没让我失望，颜色超好看，不舍得换别的色号，太爱了
sample-510a0442b06ea0ae,sample,淘宝,lancome-274,cream,Data_clean_taobao/lancome_274/lancome_274_Cream/lancome_274_Cream_P1/274_P1_1.jpg,readable,不确定,白皙,淡妆,missing_text,image_observation,user_requested_visual_heuristic,白皙,淡妆,[],True,化妆之后还不错黄黑皮可以驾驭但是素颜有点荧光
sample-4b367a194c3a96ff,sample,淘宝,lancome-274,cream,Data_clean_taobao/lancome_274/lancome_274_Cream/lancome_274_Cream_P2/274_P2_1.jpg,readable,不确定,黄皮,素颜,missing_text,image_observation,user_requested_visual_heuristic,黄皮,素颜,[],False,正好，拍出来有点荧光，但是挺贴的
sample-12a99b3d2ae96554,sample,淘宝,lancome-274,cream,Data_clean_taobao/lancome_274/lancome_274_Cream/lancome_274_Cream_P3/274_P3_1.jpg,readable,不确定,白皙,淡妆,missing_text,image_observation,user_requested_visual_heuristic,白皙,淡妆,[],True,颜色还可以
sample-f2c6bdf3e8c5b59e,sample,淘宝,lancome-274,cream,Data_clean_taobao/lancome_274/lancome_274_Cream/lancome_274_Cream_P4/274_P4_1.jpg,readable,不确定,黄皮,素颜,missing_text,image_observation,comment_self_report,黄皮,素颜,[],True,自然光下的274，非常好看。274色号yyds！素颜用起来很显白显气色，兰蔻的口红就是厉害👍
sample-5b72b39f454c64d2,sample,淘宝,lancome-274,cream,Data_clean_taobao/lancome_274/lancome_274_Cream/lancome_274_Cream_P5/274_P5_1.jpg,readable,不确定,白皙,淡妆,missing_text,image_observation,user_requested_visual_heuristic,白皙,淡妆,[],False,一如既往的好，特别特别特别特别喜欢
sample-16746b85107c254f,sample,淘宝,lancome-274,cream,Data_clean_taobao/lancome_274/lancome_274_Cream/lancome_274_Cream_P6/274_P6_1.jpg,readable,不确定,黄皮,素颜,missing_text,image_observation,user_requested_visual_heuristic,黄皮,素颜,[],True,有点小
sample-2c89668cfb97756a,sample,淘宝,lancome-274,cream_gift,Data_clean_taobao/lancome_274/lancome_274_Cream_gift/lancome_274_Cream_gift_P1/274_P1_1.jpg,readable,不确定,白皙,素颜,missing_text,image_observation,user_requested_visual_heuristic,白皙,素颜,[],True,颜色好看，使用体验很好，正品保证，颜色不错，包装精致，赠品很多
sample-8d88938d99be46ba,sample,淘宝,lancome-274,cream_gift,Data_clean_taobao/lancome_274/lancome_274_Cream_gift/lancome_274_Cream_gift_P10/274_P10_1.jpg,readable,不确定,白皙,淡妆,missing_text,image_observation,user_requested_visual_heuristic,白皙,淡妆,[],True,颜色好看 自己买着用的没想到礼盒💝也特别好看
sample-7d018e37f5bf79fb,sample,淘宝,lancome-274,cream_gift,Data_clean_taobao/lancome_274/lancome_274_Cream_gift/lancome_274_Cream_gift_P11/274_P11_1.jpg,readable,不确定,黄皮,素颜,missing_text,image_observation,user_requested_visual_heuristic,黄皮,素颜,[],True,拿到手看着颜色有点浅不知道适不适合自己，试了一下涂上还不错是我喜欢的颜色。
sample-0eb123c56c642f80,sample,淘宝,lancome-274,cream_gift,Data_clean_taobao/lancome_274/lancome_274_Cream_gift/lancome_274_Cream_gift_P12/274_P12_1.jpg,readable,不确定,黄皮,素颜,missing_text,image_observation,user_requested_visual_heuristic,黄皮,素颜,[],True,不滋润是真的，喜欢哑光质地可以试试看 涂的比较薄 没厚涂 照片看着还行，实际会偏粉
sample-8a75ccc5ca0974b4,sample,淘宝,lancome-274,cream_gift,Data_clean_taobao/lancome_274/lancome_274_Cream_gift/lancome_274_Cream_gift_P12/274_P12_2.jpg,readable,不确定,黄皮,素颜,missing_text,image_observation,user_requested_visual_heuristic,黄皮,素颜,[],True,不滋润是真的，喜欢哑光质地可以试试看 涂的比较薄 没厚涂 照片看着还行，实际会偏粉
sample-bc7d7cd6be49df02,sample,淘宝,lancome-274,cream_gift,Data_clean_taobao/lancome_274/lancome_274_Cream_gift/lancome_274_Cream_gift_P13/274_P13_1.jpg,readable,不确定,黄皮,素颜,missing_text,image_observation,user_requested_visual_heuristic,黄皮,素颜,[],True,口红颜色：奶茶色很正宗 润唇效果：比以前润一点 适合妆容：素颜淡妆都很美 唇膏质地：很丝滑
sample-a32e697274b81311,sample,淘宝,lancome-274,cream_gift,Data_clean_taobao/lancome_274/lancome_274_Cream_gift/lancome_274_Cream_gift_P14/274_P14_1.jpg,readable,不确定,黄皮,素颜,missing_text,image_observation,user_requested_visual_heuristic,黄皮,素颜,[],True,颜色属于那种日常妆的颜色，很浅，淡妆适合，适合皮肤白一点的女生，包装很好，还送的小样，不错
sample-267fba39b76fe142,sample,淘宝,lancome-274,cream_gift,Data_clean_taobao/lancome_274/lancome_274_Cream_gift/lancome_274_Cream_gift_P2/274_P2_1.jpg,readable,深唇,黄皮,素颜,comment_self_report,comment_self_report,user_requested_visual_heuristic,黄皮,素颜,[],True,雾面的口红，包装和香味都挺好，就是黄皮肤深唇有点发紫，显老，在室内开灯就亮点，在外面就颜色深，一般吧，没有那么好
sample-9b60c3fd2ea7862e,sample,淘宝,lancome-274,cream_gift,Data_clean_taobao/lancome_274/lancome_274_Cream_gift/lancome_274_Cream_gift_P2/274_P2_2.jpg,readable,深唇,黄皮,素颜,comment_self_report,comment_self_report,user_requested_visual_heuristic,黄皮,素颜,[],True,雾面的口红，包装和香味都挺好，就是黄皮肤深唇有点发紫，显老，在室内开灯就亮点，在外面就颜色深，一般吧，没有那么好
sample-f2c1e3923afaa47f,sample,淘宝,lancome-274,cream_gift,Data_clean_taobao/lancome_274/lancome_274_Cream_gift/lancome_274_Cream_gift_P3/274_P3_1.jpg,readable,不确定,黄皮,素颜,missing_text,image_observation,user_requested_visual_heuristic,黄皮,素颜,[],True,274严重色差见图片，薄涂厚涂都是粉色，没有一点图片上的橘色，真心不建议购买这个色号，强烈避雷
sample-37026f6a838f5cbe,sample,淘宝,lancome-274,cream_gift,Data_clean_taobao/lancome_274/lancome_274_Cream_gift/lancome_274_Cream_gift_P4/274_P4_1.jpg,readable,深唇,黄皮,淡妆,comment_self_report,comment_self_report,comment_made_up_with_eye_rule,白皙,素颜,"[{""field"": ""skin"", ""image_value"": ""白皙"", ""final_value"": ""黄皮"", ""resolution"": ""comment_wins"", ""evidence_quote"": ""黄皮深唇终于找到了合适自己的裸色""}, {""field"": ""makeup"", ""image_value"": ""素颜"", ""final_value"": ""淡妆"", ""resolution"": ""comment_wins"", ""evidence_quote"": ""图片是我带妆一天的状态""}]",True,黄皮深唇终于找到了合适自己的裸色 上嘴真的好好看 爱了爱了 口红丝绒质地不拔干 图片是我带妆一天的状态 刚上嘴的时候比这还好看
sample-84f7c4b06be5092c,sample,淘宝,lancome-274,cream_gift,Data_clean_taobao/lancome_274/lancome_274_Cream_gift/lancome_274_Cream_gift_P5/274_P5_1.jpg,readable,深唇,黄皮,淡妆,comment_self_report,image_observation,user_requested_visual_heuristic,黄皮,淡妆,[],True,拿到就试了，属于盲买了，很满意，而且膏体不干！以前买过粉金管888，颜色很美但是很干！这个很丝滑，纯个人实拍分享，深唇，下午自然光。
sample-31d96beea15ab381,sample,淘宝,lancome-274,cream_gift,Data_clean_taobao/lancome_274/lancome_274_Cream_gift/lancome_274_Cream_gift_P5/274_P5_2.jpg,readable,深唇,黄皮,淡妆,comment_self_report,image_observation,user_requested_visual_heuristic,黄皮,淡妆,[],True,拿到就试了，属于盲买了，很满意，而且膏体不干！以前买过粉金管888，颜色很美但是很干！这个很丝滑，纯个人实拍分享，深唇，下午自然光。
sample-5d13a4f12739833a,sample,淘宝,lancome-274,cream_gift,Data_clean_taobao/lancome_274/lancome_274_Cream_gift/lancome_274_Cream_gift_P5/274_P5_3.jpg,readable,深唇,黄皮,淡妆,comment_self_report,image_observation,user_requested_visual_heuristic,黄皮,淡妆,[],True,拿到就试了，属于盲买了，很满意，而且膏体不干！以前买过粉金管888，颜色很美但是很干！这个很丝滑，纯个人实拍分享，深唇，下午自然光。
sample-0fcaece2b5d0c455,sample,淘宝,lancome-274,cream_gift,Data_clean_taobao/lancome_274/lancome_274_Cream_gift/lancome_274_Cream_gift_P6/274_P6_1.jpg,readable,不确定,白皙,淡妆,missing_text,image_observation,user_requested_visual_heuristic,白皙,淡妆,[],True,算是成功的一次盲盒吧，没试过，看卖的比较火就下单了，总体还可以，无功无过，之前买过313，196，他们家口红买了好多色号
sample-63a6e95c5c2cfea8,sample,淘宝,lancome-274,cream_gift,Data_clean_taobao/lancome_274/lancome_274_Cream_gift/lancome_274_Cream_gift_P7/274_P7_1.jpg,readable,不确定,黄皮,素颜,missing_text,image_observation,user_requested_visual_heuristic,黄皮,素颜,[],True,挺好的，包装一如的豪横超级豪华，385有一百块在包装上了，口红颜色也好看，适合黄皮，口红限定包装也好看。
sample-3f0a85293da459b7,sample,淘宝,lancome-274,cream_gift,Data_clean_taobao/lancome_274/lancome_274_Cream_gift/lancome_274_Cream_gift_P8/274_P8_1.jpg,readable,不确定,白皙,淡妆,missing_text,image_observation,user_requested_visual_heuristic,白皙,淡妆,[],True,礼盒装很有仪式感，颜色比较日常，比较滋润，不过我还是加了润唇膏会更适合我一些！
sample-1469a247b23dda2e,sample,淘宝,lancome-274,cream_gift,Data_clean_taobao/lancome_274/lancome_274_Cream_gift/lancome_274_Cream_gift_P9/274_P9_1.jpg,readable,不确定,黄皮,淡妆,missing_text,image_observation,user_requested_visual_heuristic,黄皮,淡妆,[],True,好漂亮 买来收货就喜欢，颜色很正，显白 礼盒也很漂亮～
sample-6807929be9e5754b,sample,淘宝,lancome-274,intimatte,Data_clean_taobao/lancome_274/lancome_274_Intimatte/lancome_274_Intimatte_P1/274_P1_1.jpg,readable,不确定,不确定,不确定,missing_text,image_observation,user_requested_visual_heuristic,不确定,不确定,[],True,颜色很正，涂上特别显白。 沾杯情况：不沾杯也不拔干，还行 润唇效果：也行 适合妆容：素颜涂挺好
sample-f101f2c6ccea6088,sample,淘宝,lancome-274,intimatte,Data_clean_taobao/lancome_274/lancome_274_Intimatte/lancome_274_Intimatte_P10/274_P10_1.jpg,readable,不确定,白皙,素颜,missing_text,image_observation,user_requested_visual_heuristic,白皙,素颜,[],True,颜色还可以。厚涂好看，稍一点点干。显得人白。素颜涂人很有气色 不是粉色的
sample-46d3855c423c9d59,sample,淘宝,lancome-274,intimatte,Data_clean_taobao/lancome_274/lancome_274_Intimatte/lancome_274_Intimatte_P11/274_P11_1.jpg,readable,不确定,黄皮,素颜,missing_text,image_observation,user_requested_visual_heuristic,黄皮,素颜,[],True,非常真实的评价，兰蔻274这支配色真的好裸色啊，本人嘴巴唇纹有点深，我是在自己手背亲了一口不怎么掉色
sample-99b8093680955fec,sample,淘宝,lancome-274,intimatte,Data_clean_taobao/lancome_274/lancome_274_Intimatte/lancome_274_Intimatte_P11/274_P11_2.jpg,readable,不确定,黄皮,素颜,missing_text,image_observation,user_requested_visual_heuristic,黄皮,素颜,[],True,非常真实的评价，兰蔻274这支配色真的好裸色啊，本人嘴巴唇纹有点深，我是在自己手背亲了一口不怎么掉色
sample-011041f9c73ffc7a,sample,淘宝,lancome-274,intimatte,Data_clean_taobao/lancome_274/lancome_274_Intimatte/lancome_274_Intimatte_P11/274_P11_3.jpg,readable,不确定,黄皮,素颜,missing_text,image_observation,user_requested_visual_heuristic,黄皮,素颜,[],True,非常真实的评价，兰蔻274这支配色真的好裸色啊，本人嘴巴唇纹有点深，我是在自己手背亲了一口不怎么掉色
sample-c0436a38809d6a8c,sample,淘宝,lancome-274,intimatte,Data_clean_taobao/lancome_274/lancome_274_Intimatte/lancome_274_Intimatte_P12/274_P12_1.jpg,readable,不确定,黄皮,素颜,missing_text,image_observation,comment_self_report,黄皮,不确定,[],True,很自然，平时素颜涂下比较有气色～
sample-08f271df3a3f5f06,sample,淘宝,lancome-274,intimatte,Data_clean_taobao/lancome_274/lancome_274_Intimatte/lancome_274_Intimatte_P13/274_P13_1.jpg,readable,不确定,黄皮,素颜,missing_text,image_observation,user_requested_visual_heuristic,黄皮,素颜,[],True,一定要避雷！一定要避雷！用了两天嘴唇就干痒，因为口红💄本身也很干就起皮，有起皮就会忍不住去撕嘴唇都破了，还买成365元一只，又贵又不好用，避雷
sample-53978e695eaf8231,sample,淘宝,lancome-274,intimatte,Data_clean_taobao/lancome_274/lancome_274_Intimatte/lancome_274_Intimatte_P14/274_P14_1.jpg,readable,不确定,白皙,素颜,missing_text,image_observation,user_requested_visual_heuristic,白皙,素颜,[],False,好看！包装也很精美
sample-05acc2f3d8932fcb,sample,淘宝,lancome-274,intimatte,Data_clean_taobao/lancome_274/lancome_274_Intimatte/lancome_274_Intimatte_P14/274_P14_2.jpg,readable,不确定,白皙,素颜,missing_text,image_observation,user_requested_visual_heuristic,白皙,素颜,[],True,好看！包装也很精美
sample-feb50ae8428fcd85,sample,淘宝,lancome-274,intimatte,Data_clean_taobao/lancome_274/lancome_274_Intimatte/lancome_274_Intimatte_P15/274_P15_1.jpg,readable,不确定,白皙,淡妆,missing_text,image_observation,user_requested_visual_heuristic,白皙,淡妆,[],True,口红颜色和图片完全一致，上嘴很正，不偏色。274好看是我想要的色！爱啦爱啦！
sample-0ed902b74a5c8cad,sample,淘宝,lancome-274,intimatte,Data_clean_taobao/lancome_274/lancome_274_Intimatte/lancome_274_Intimatte_P16/274_P16_1.jpg,readable,不确定,白皙,素颜,missing_text,image_observation,user_requested_visual_heuristic,白皙,素颜,[],True,收到之后马上就上嘴试了拿我之前买的那两色号做了一下对比，这只明度要比其他两只高一点，而且是我喜欢的那种类型的挺好看的
sample-bf80f2b98b96a192,sample,淘宝,lancome-274,intimatte,Data_clean_taobao/lancome_274/lancome_274_Intimatte/lancome_274_Intimatte_P16/274_P16_2.jpg,readable,不确定,白皙,素颜,missing_text,image_observation,user_requested_visual_heuristic,白皙,素颜,[],True,收到之后马上就上嘴试了拿我之前买的那两色号做了一下对比，这只明度要比其他两只高一点，而且是我喜欢的那种类型的挺好看的
sample-806a2494ed87fbe8,sample,淘宝,lancome-274,intimatte,Data_clean_taobao/lancome_274/lancome_274_Intimatte/lancome_274_Intimatte_P17/274_P17_1.jpg,readable,深唇,黄皮,素颜,comment_self_report,image_observation,comment_self_report,黄皮,素颜,[],True,颜色很好看 素颜浅涂了一下 我唇色本身有点深 这是涂了三四个小时的效果 、下次化妆再厚涂看看效果 保湿效果：还不错
sample-0f83789db03c1f83,sample,淘宝,lancome-274,intimatte,Data_clean_taobao/lancome_274/lancome_274_Intimatte/lancome_274_Intimatte_P17/274_P17_2.jpg,readable,深唇,黄皮,素颜,comment_self_report,image_observation,comment_self_report,黄皮,素颜,[],True,颜色很好看 素颜浅涂了一下 我唇色本身有点深 这是涂了三四个小时的效果 、下次化妆再厚涂看看效果 保湿效果：还不错
sample-0543b4159da80bb6,sample,淘宝,lancome-274,intimatte,Data_clean_taobao/lancome_274/lancome_274_Intimatte/lancome_274_Intimatte_P17/274_P17_3.jpg,readable,深唇,黄皮,素颜,comment_self_report,image_observation,comment_self_report,黄皮,素颜,[],True,颜色很好看 素颜浅涂了一下 我唇色本身有点深 这是涂了三四个小时的效果 、下次化妆再厚涂看看效果 保湿效果：还不错
sample-4aaa9426f95a08e6,sample,淘宝,lancome-274,intimatte,Data_clean_taobao/lancome_274/lancome_274_Intimatte/lancome_274_Intimatte_P18/274_P18_1.jpg,readable,不确定,白皙,淡妆,missing_text,image_observation,user_requested_visual_heuristic,白皙,淡妆,[],True,色差好大！太粉了
sample-479eb6afce012718,sample,淘宝,lancome-274,intimatte,Data_clean_taobao/lancome_274/lancome_274_Intimatte/lancome_274_Intimatte_P19/274_P19_1.jpg,readable,深唇,黑皮,素颜,comment_self_report,comment_self_report,user_requested_visual_heuristic,黄皮,素颜,"[{""field"": ""skin"", ""image_value"": ""黄皮"", ""final_value"": ""黑皮"", ""resolution"": ""comment_wins"", ""evidence_quote"": ""黑皮乌唇真的能遮住""}]",True,哇哦 超级好看 黑皮乌唇真的能遮住 也显白 好好看
sample-03778c44244459e4,sample,淘宝,lancome-274,intimatte,Data_clean_taobao/lancome_274/lancome_274_Intimatte/lancome_274_Intimatte_P2/274_P2_1.jpg,readable,不确定,白皙,淡妆,missing_text,image_observation,user_requested_visual_heuristic,白皙,淡妆,[],True,274涂抹三个小时后的效果，这个粉金管也挺好看，但是我还是很喜欢黑管的274
sample-a7dd0a65d9424b79,sample,淘宝,lancome-274,intimatte,Data_clean_taobao/lancome_274/lancome_274_Intimatte/lancome_274_Intimatte_P20/274_P20_1.jpg,readable,深唇,白皙,素颜,comment_self_report,image_observation,user_requested_visual_heuristic,白皙,素颜,[],True,颜色好看，很适合素颜，很自然，慕斯质地细腻丝滑，粉中带点橘，深唇色厚涂效果，微微有一点干，可能跟我没涂唇膏有关系吧
sample-b46293138b0446a6,sample,淘宝,lancome-274,intimatte,Data_clean_taobao/lancome_274/lancome_274_Intimatte/lancome_274_Intimatte_P21/274_P21_1.jpg,readable,不确定,黄皮,淡妆,missing_text,image_observation,user_requested_visual_heuristic,黄皮,淡妆,[],False,这个颜色太喜欢了，很显白，很滋润
sample-8f5721d085d7a6a4,sample,淘宝,lancome-274,intimatte,Data_clean_taobao/lancome_274/lancome_274_Intimatte/lancome_274_Intimatte_P22/274_P22_1.jpg,readable,不确定,白皙,素颜,missing_text,image_observation,user_requested_visual_heuristic,白皙,素颜,[],True,颜色纠结了很久，最终还是选的274真的太好看了
sample-c6109fc869a25047,sample,淘宝,lancome-274,intimatte,Data_clean_taobao/lancome_274/lancome_274_Intimatte/lancome_274_Intimatte_P23/274_P23_1.jpg,readable,不确定,白皙,淡妆,missing_text,image_observation,user_requested_visual_heuristic,白皙,淡妆,[],True,色差还是挺大的，还是建议去专柜试色后买，上嘴顺滑好涂开，香味也不错，也是雾面哑光的妆效
sample-b0a498846658f9da,sample,淘宝,lancome-274,intimatte,Data_clean_taobao/lancome_274/lancome_274_Intimatte/lancome_274_Intimatte_P23/274_P23_2.jpg,readable,不确定,白皙,淡妆,missing_text,image_observation,user_requested_visual_heuristic,白皙,淡妆,[],True,色差还是挺大的，还是建议去专柜试色后买，上嘴顺滑好涂开，香味也不错，也是雾面哑光的妆效
sample-336bfdf36dadd8b8,sample,淘宝,lancome-274,intimatte,Data_clean_taobao/lancome_274/lancome_274_Intimatte/lancome_274_Intimatte_P24/274_P24_1.jpg,readable,不确定,白皙,素颜,missing_text,image_observation,user_requested_visual_heuristic,白皙,素颜,[],True,显色度很好，不干，颜色属于低饱和色，个人挺喜欢，相机拍不出真实色，都会显得更亮，跟给的颜色比较接近吧！
sample-56021459d698de7d,sample,淘宝,lancome-274,intimatte,Data_clean_taobao/lancome_274/lancome_274_Intimatte/lancome_274_Intimatte_P24/274_P24_2.jpg,readable,不确定,白皙,素颜,missing_text,image_observation,user_requested_visual_heuristic,白皙,素颜,[],True,显色度很好，不干，颜色属于低饱和色，个人挺喜欢，相机拍不出真实色，都会显得更亮，跟给的颜色比较接近吧！
sample-009bd87b1604fc6b,sample,淘宝,lancome-274,intimatte,Data_clean_taobao/lancome_274/lancome_274_Intimatte/lancome_274_Intimatte_P25/274_P25_1.jpg,readable,不确定,黄皮,素颜,missing_text,image_observation,user_requested_visual_heuristic,黄皮,素颜,[],True,不怎么遮唇纹、涂上去唇纹还是很明显、颜色如图
sample-41f481bda1bb27f7,sample,淘宝,lancome-274,intimatte,Data_clean_taobao/lancome_274/lancome_274_Intimatte/lancome_274_Intimatte_P26/274_P26_1.jpg,readable,不确定,黄皮,素颜,missing_text,image_observation,user_requested_visual_heuristic,黄皮,素颜,[],True,男朋友给我买的 我觉得不适合黄皮 而且有点干
sample-81834a9a49e729ea,sample,淘宝,lancome-274,intimatte,Data_clean_taobao/lancome_274/lancome_274_Intimatte/lancome_274_Intimatte_P27/274_P27_1.jpg,readable,不确定,白皙,素颜,missing_text,image_observation,user_requested_visual_heuristic,白皙,素颜,[],False,颜色不错，显得人很温柔
sample-19ac049a0d24c2b6,sample,淘宝,lancome-274,intimatte,Data_clean_taobao/lancome_274/lancome_274_Intimatte/lancome_274_Intimatte_P28/274_P28_1.jpg,readable,不确定,白皙,淡妆,missing_text,image_observation,user_requested_visual_heuristic,白皙,淡妆,[],True,该用户觉得商品非常好，给出5星好评
sample-eeb4bc80d3cfc810,sample,淘宝,lancome-274,intimatte,Data_clean_taobao/lancome_274/lancome_274_Intimatte/lancome_274_Intimatte_P29/274_P29_1.jpg,readable,不确定,黄皮,淡妆,missing_text,image_observation,user_requested_visual_heuristic,黄皮,淡妆,[],True,黑管的274快用完了，就入手一支粉金管的274，两只颜色还是有一些区别，图3上面的是粉金管，下面是黑管的，粉金管颜色更好看，粉金管上嘴更润滑，不过也还是会显唇纹，黄皮闭眼入的色号，图5加了兰蔻的水唇蜜48号，就，就滋润很多了。
sample-6c30317b72afb542,sample,淘宝,lancome-274,intimatte,Data_clean_taobao/lancome_274/lancome_274_Intimatte/lancome_274_Intimatte_P29/274_P29_2.jpg,readable,不确定,黄皮,淡妆,missing_text,image_observation,user_requested_visual_heuristic,黄皮,淡妆,[],True,黑管的274快用完了，就入手一支粉金管的274，两只颜色还是有一些区别，图3上面的是粉金管，下面是黑管的，粉金管颜色更好看，粉金管上嘴更润滑，不过也还是会显唇纹，黄皮闭眼入的色号，图5加了兰蔻的水唇蜜48号，就，就滋润很多了。
sample-7bc1291d777f2cac,sample,淘宝,lancome-274,intimatte,Data_clean_taobao/lancome_274/lancome_274_Intimatte/lancome_274_Intimatte_P3/274_P3_1.jpg,readable,不确定,黄皮,素颜,missing_text,image_observation,user_requested_visual_heuristic,黄皮,素颜,[],True,好。非常好。这是吃过东西喝过水的颜色，不掉色，好看，不干不油腻。 唇膏质地：干润适中 口红颜色：艳而不突兀 沾杯情况：不沾杯 润唇效果：润而不腻 适合妆容：浓淡两相宜 收到口红颜色很正，和图片一模一样，挺满意。
sample-2b09d8a3bebeea4e,sample,淘宝,lancome-274,intimatte,Data_clean_taobao/lancome_274/lancome_274_Intimatte/lancome_274_Intimatte_P30/274_P30_1.jpg,readable,不确定,黄皮,素颜,missing_text,image_observation,user_requested_visual_heuristic,黄皮,素颜,[],True,很温柔的颜色 强烈推荐 也不拔干 显白
sample-d9fd44abe2096cb0,sample,淘宝,lancome-274,intimatte,Data_clean_taobao/lancome_274/lancome_274_Intimatte/lancome_274_Intimatte_P30/274_P30_2.jpg,readable,不确定,黄皮,素颜,missing_text,image_observation,user_requested_visual_heuristic,黄皮,素颜,[],False,很温柔的颜色 强烈推荐 也不拔干 显白
sample-d282ddef2e0a3bde,sample,淘宝,lancome-274,intimatte,Data_clean_taobao/lancome_274/lancome_274_Intimatte/lancome_274_Intimatte_P31/274_P31_1.jpg,readable,不确定,白皙,淡妆,missing_text,image_observation,user_requested_visual_heuristic,白皙,淡妆,[],True,这几年最常用的一支，蛮显白
sample-18cedb083999aa43,sample,淘宝,lancome-274,intimatte,Data_clean_taobao/lancome_274/lancome_274_Intimatte/lancome_274_Intimatte_P4/274_P4_1.jpg,readable,不确定,黄皮,淡妆,missing_text,image_observation,user_requested_visual_heuristic,黄皮,淡妆,[],True,喜欢！香香的，质地好细腻啊！真的要对自己好一点，也挺润的
sample-ac234a3960b22f11,sample,淘宝,lancome-274,intimatte,Data_clean_taobao/lancome_274/lancome_274_Intimatte/lancome_274_Intimatte_P5/274_P5_1.jpg,readable,不确定,黄皮,素颜,missing_text,image_observation,user_requested_visual_heuristic,黄皮,素颜,[],True,颜色很好看，质地不干丝滑，不错
sample-c9f2d71edc33b39a,sample,淘宝,lancome-274,intimatte,Data_clean_taobao/lancome_274/lancome_274_Intimatte/lancome_274_Intimatte_P6/274_P6_1.jpg,readable,不确定,白皙,素颜,missing_text,image_observation,user_requested_visual_heuristic,白皙,素颜,[],False,颜色跟图片不一样，没有偏橘色，感觉很厚重，超级土的颜色
sample-d56d6fce28f9afd0,sample,淘宝,lancome-274,intimatte,Data_clean_taobao/lancome_274/lancome_274_Intimatte/lancome_274_Intimatte_P7/274_P7_1.jpg,readable,不确定,黄皮,素颜,missing_text,image_observation,user_requested_visual_heuristic,黄皮,素颜,[],True,是喜欢的颜色，总体很满意
sample-53db531b2183fee1,sample,淘宝,lancome-274,intimatte,Data_clean_taobao/lancome_274/lancome_274_Intimatte/lancome_274_Intimatte_P8/274_P8_1.jpg,readable,不确定,白皙,淡妆,missing_text,image_observation,user_requested_visual_heuristic,白皙,淡妆,[],True,我觉得兰蔻家的护肤品用着还行，彩妆还差了点火候，唇膏我用起来刚开始有点滑油油的感觉，过了一会儿又觉得很干，而且粉质感太重，觉得嘴唇有异物感很不舒服，并不融合。再来说这个颜色宣传主打奶茶裸色，实际上是那种玫瑰偏紫调，我个人不是很喜欢。再一个就是香精味太浓了 浓的有点接受不了。但是我已经拆开 不喜欢也只能勉强接受😥
sample-48d7f17be98c890a,sample,淘宝,lancome-274,intimatte,Data_clean_taobao/lancome_274/lancome_274_Intimatte/lancome_274_Intimatte_P9/274_P9_1.jpg,readable,不确定,白皙,素颜,missing_text,image_observation,user_requested_visual_heuristic,白皙,素颜,[],True,henss很喜欢
sample-bf31921ab452f958,sample,淘宝,lancome-275,unknown,Data_clean_taobao/lancome_275/lancome_275_P1/275_P1_1.jpg,readable,不确定,白皙,淡妆,missing_text,image_observation,user_requested_visual_heuristic,白皙,淡妆,[],True,275很薄的涂了一层，适合浅唇，颜色很提气色，很好看，不出错
sample-90c88fbac47fb007,sample,淘宝,lancome-275,unknown,Data_clean_taobao/lancome_275/lancome_275_P10/275_P10_1.jpg,readable,不确定,白皙,淡妆,missing_text,image_observation,user_requested_visual_heuristic,白皙,淡妆,[],True,实物颜色：日常百搭颜色 唇膏质地：丝滑细腻，雾面 上嘴效果：很好，特别喜欢
sample-b9a43a1b24717aba,sample,淘宝,lancome-275,unknown,Data_clean_taobao/lancome_275/lancome_275_P10/275_P10_2.jpg,readable,不确定,白皙,淡妆,missing_text,image_observation,user_requested_visual_heuristic,白皙,淡妆,[],True,实物颜色：日常百搭颜色 唇膏质地：丝滑细腻，雾面 上嘴效果：很好，特别喜欢
sample-c02e03217e403d98,sample,淘宝,lancome-275,unknown,Data_clean_taobao/lancome_275/lancome_275_P11/275_P11_1.jpg,readable,不确定,白皙,素颜,missing_text,image_observation,user_requested_visual_heuristic,白皙,素颜,[],True,真的很难想象这口红一点包装没有，直接就一个快递箱子里面卷着就发货过来了，还好颜色我还挺喜欢的，不化妆也可以涂，看在赠品这么多的份上我就留下了，提前用唇膏打了底，不然会干。
sample-89834506020f370a,sample,淘宝,lancome-275,unknown,Data_clean_taobao/lancome_275/lancome_275_P12/275_P12_1.jpg,readable,深唇,黄皮,素颜,comment_self_report,comment_self_report,user_requested_visual_heuristic,黄皮,素颜,[],True,真不知道那么多好评哪来的 我黄皮深唇 275真的不提气色 不显白 盖不住深唇❗️❗️
sample-4f668894787e1183,sample,淘宝,lancome-275,unknown,Data_clean_taobao/lancome_275/lancome_275_P13/275_P13_1.jpg,readable,不确定,白皙,淡妆,missing_text,image_observation,user_requested_visual_heuristic,白皙,淡妆,[],True,唇膏质地：丝绒 滋润度：偏干 持久度：一般
sample-e0c0e23449f63c78,sample,淘宝,lancome-275,unknown,Data_clean_taobao/lancome_275/lancome_275_P14/275_P14_1.jpg,readable,不确定,黄皮,淡妆,missing_text,image_observation,user_requested_visual_heuristic,黄皮,淡妆,[],True,好看喜欢香香的
sample-5e669b128fa36892,sample,淘宝,lancome-275,unknown,Data_clean_taobao/lancome_275/lancome_275_P15/275_P15_1.jpg,readable,不确定,白皙,淡妆,missing_text,image_observation,user_requested_visual_heuristic,白皙,淡妆,[],True,兰蔻菁纯裸唇釉真的超棒，它的质地轻盈上嘴如同薄纱般柔滑，色号超美，像裸柔桃312等很适合春夏，显白又提气，哑光雾面妆感高级，薄厚涂都好看，还不易卡纹显唇纹，整体效果非常惊艳
sample-4512728e4ffbc633,sample,淘宝,lancome-275,unknown,Data_clean_taobao/lancome_275/lancome_275_P2/275_P2_1.jpg,readable,不确定,黄皮,淡妆,missing_text,image_observation,user_requested_visual_heuristic,黄皮,淡妆,[],True,颜色非常的日常百搭 不会拔干感很好涂开
sample-0ba8b3b7cab06801,sample,淘宝,lancome-275,unknown,Data_clean_taobao/lancome_275/lancome_275_P3/275_P3_1.jpg,readable,不确定,白皙,淡妆,missing_text,image_observation,user_requested_visual_heuristic,白皙,淡妆,[],True,是我喜欢的颜色，比较自然
sample-faf0d1b98697d035,sample,淘宝,lancome-275,unknown,Data_clean_taobao/lancome_275/lancome_275_P4/275_P4_1.jpg,readable,不确定,白皙,淡妆,missing_text,image_observation,user_requested_visual_heuristic,白皙,淡妆,[],True,该用户觉得商品非常好，给出5星好评
sample-0b8bbb01a99b5324,sample,淘宝,lancome-275,unknown,Data_clean_taobao/lancome_275/lancome_275_P5/275_P5_1.jpg,readable,不确定,白皙,素颜,missing_text,image_observation,user_requested_visual_heuristic,白皙,素颜,[],True,原相机拍的，然后也还行
sample-e0288f4fc0867d54,sample,淘宝,lancome-275,unknown,Data_clean_taobao/lancome_275/lancome_275_P6/275_P6_1.jpg,readable,不确定,黄皮,素颜,missing_text,image_observation,user_requested_visual_heuristic,黄皮,素颜,[],True,图片和实物颜色，实物有些粉，不太上色的感觉
sample-8eed99804a49b379,sample,淘宝,lancome-275,unknown,Data_clean_taobao/lancome_275/lancome_275_P7/275_P7_1.jpg,readable,不确定,白皙,淡妆,missing_text,image_observation,user_requested_visual_heuristic,白皙,淡妆,[],True,和我本身唇色相差不大，没踩雷，好看的
sample-904ba466bea1d4d4,sample,淘宝,lancome-275,unknown,Data_clean_taobao/lancome_275/lancome_275_P8/275_P8_1.jpg,readable,不确定,白皙,淡妆,missing_text,image_observation,user_requested_visual_heuristic,白皙,淡妆,[],True,适合唇色浅的人，颜色并没有很惊艳， 不保湿，干唇全是唇纹！偏橘调 送的香水漏了只有半支，味道一点不好闻
sample-3bb141a208ae2e8c,sample,淘宝,lancome-275,unknown,Data_clean_taobao/lancome_275/lancome_275_P9/275_P9_1.jpg,readable,不确定,黄皮,素颜,missing_text,image_observation,user_requested_visual_heuristic,黄皮,素颜,[],True,使用后直接过敏，还要我就医证明，啥玩意
